EVENT_ID,CZ_NAME_STR,BEGIN_LOCATION,BEGIN_DATE,BEGIN_TIME,EVENT_TYPE,MAGNITUDE,TOR_F_SCALE,DEATHS_DIRECT,INJURIES_DIRECT,DAMAGE_PROPERTY_NUM,DAMAGE_CROPS_NUM,STATE_ABBR,CZ_TIMEZONE,MAGNITUDE_TYPE,EPISODE_ID,CZ_TYPE,CZ_FIPS,WFO,INJURIES_INDIRECT,DEATHS_INDIRECT,SOURCE,FLOOD_CAUSE,TOR_LENGTH,TOR_WIDTH,BEGIN_RANGE,BEGIN_AZIMUTH,END_RANGE,END_AZIMUTH,END_LOCATION,END_DATE,END_TIME,BEGIN_LAT,BEGIN_LON,END_LAT,END_LON,EVENT_NARRATIVE,EPISODE_NARRATIVE,ABSOLUTE_ROWNUMBER
9990191,SAN DIEGO CO., ,01/14/1990,330,Tornado,0,F0,0,0,250000,0,CA,PST, , ,C,73, ,0,0, , ,.1,10,0, ,0, , ,01/14/1990,330,32.75,-117.10, , ,"","",1
9990192,LOS ANGELES CO., ,01/16/1990,2320,Tornado,0,F0,0,0,0,0,CA,CST, , ,C,37, ,0,0, , ,.2,33,0, ,0, , ,01/16/1990,2320,33.95,-118.05, , ,"","",2
10138331,DALLAS CO., ,01/19/1990,1130,Tornado,0,F2,0,1,2500000,0,TX,CST, , ,C,113, ,0,0, , ,.8,50,0, ,0, , ,01/19/1990,1130,32.92,-96.63, , ,"","",3
10138333,TRINITY CO., ,01/19/1990,1540,Tornado,0,F3,0,0,2500000,0,TX,CST, , ,C,455, ,0,0, , ,5,100,0, ,0, , ,01/19/1990,1540,31.22,-94.95,31.27,-94.90,"","",4
10138334,ANGELINA CO., ,01/19/1990,1548,Tornado,0,F3,0,2,2500000,0,TX,CST, , ,C,5, ,0,0, , ,8,100,0, ,0, , ,01/19/1990,1548,31.27,-94.90,31.35,-94.83,"","",5
10139115,SAN AUGUSTINE CO., ,01/19/1990,1810,Tornado,0,F0,0,0,0,0,TX,CST, , ,C,405, ,0,0, , ,.2,10,0, ,0, , ,01/19/1990,1810,31.15,-94.10, , ,"","",6
10045616,ACADIA PAR., ,01/24/1990,1000,Tornado,0,F0,0,0,2500,0,LA,CST, , ,C,1, ,0,0, , ,.2,27,0, ,0, , ,01/24/1990,1000,30.42,-92.32, , ,"","",7
9980264,CRENSHAW CO., ,01/25/1990,550,Tornado,0,F1,0,28,2500000,0,AL,CST, , ,C,41, ,0,0, , ,8,73,0, ,0, , ,01/25/1990,550,31.78,-86.35,31.88,-86.20,"","",8
9995045,LEE CO., ,01/25/1990,1215,Tornado,0,F0,0,0,25000,0,GA,EST, , ,C,177, ,0,0, , ,.5,33,0, ,0, , ,01/25/1990,1215,31.67,-84.17, , ,"","",9
9995050,RICHMOND CO., ,01/29/1990,1543,Tornado,0,F2,0,6,250000,0,GA,EST, , ,C,245, ,0,0, , ,.9,100,0, ,0, , ,01/29/1990,1543,33.33,-82.18, , ,"","",10
10087802,NORTHAMPTON CO., ,01/29/1990,1950,Tornado,0,F0,0,0,25000,0,NC,EST, , ,C,131, ,0,0, , ,.7,100,0, ,0, , ,01/29/1990,1950,36.52,-77.75, , ,"","",11
10081357,CLARK CO., ,01/30/1990,1620,Tornado,0,F0,0,0,0,0,NV,PST, , ,C,3, ,0,0, , ,.2,10,0, ,0, , ,01/30/1990,1620,36.17,-114.70, , ,"","",12
10139129,MCLENNAN CO., ,02/01/1990,1723,Tornado,0,F1,0,0,0,0,TX,CST, , ,C,309, ,0,0, , ,.2,10,0, ,0, , ,02/01/1990,1723,31.55,-97.15, , ,"","",13
10045618,NATCHITOCHES PAR., ,02/02/1990,1740,Tornado,0,F1,0,1,250000,0,LA,CST, , ,C,69, ,0,0, , ,3,40,0, ,0, , ,02/02/1990,1740,32.10,-92.95,32.08,-92.92,"","",14
10045619,WINN PAR., ,02/02/1990,1746,Tornado,0,F1,0,0,250000,0,LA,CST, , ,C,127, ,0,0, , ,4.2,40,0, ,0, , ,02/02/1990,1746,32.08,-92.92,32.12,-92.85,"","",15
10045622,MOREHOUSE PAR., ,02/02/1990,2010,Tornado,0,F1,0,0,25000,0,LA,CST, , ,C,67, ,0,0, , ,1,30,0, ,0, , ,02/02/1990,2010,32.87,-91.92, , ,"","",16
9990968,GRANT CO., ,02/02/1990,2340,Tornado,0,F0,0,0,0,0,AR,CST, , ,C,53, ,0,0, , ,.5,50,0, ,0, , ,02/02/1990,2340,34.42,-92.25, , ,"","",17
9980268,PICKENS CO., ,02/03/1990,1835,Tornado,0,F0,0,0,25000,0,AL,CST, , ,C,107, ,0,0, , ,.5,20,0, ,0, , ,02/03/1990,1835,33.25,-87.87, , ,"","",18
9980269,TUSCALOOSA CO., ,02/03/1990,1845,Tornado,0,F0,0,0,25000,0,AL,CST, , ,C,125, ,0,0, , ,.3,20,0, ,0, , ,02/03/1990,1845,33.25,-87.80, , ,"","",19
9980270,TUSCALOOSA CO., ,02/03/1990,1850,Tornado,0,F1,0,3,2500000,0,AL,CST, , ,C,125, ,0,0, , ,6,40,0, ,0, , ,02/03/1990,1850,33.30,-87.62,33.32,-87.50,"","",20
9980271,JEFFERSON CO., ,02/03/1990,1935,Tornado,0,F1,0,2,2500000,0,AL,CST, , ,C,73, ,0,0, , ,7,50,0, ,0, , ,02/03/1990,1935,33.52,-87.05,33.58,-86.90,"","",21
9980272,JEFFERSON CO., ,02/03/1990,1948,Tornado,0,F1,0,15,2500000,0,AL,CST, , ,C,73, ,0,0, , ,3,50,0, ,0, , ,02/03/1990,1948,33.62,-86.82,33.62,-86.77,"","",22
9980273,JEFFERSON CO., ,02/03/1990,2000,Tornado,0,F1,0,0,2500000,0,AL,CST, , ,C,73, ,0,0, , ,2,50,0, ,0, , ,02/03/1990,2000,33.62,-86.62, , ,"","",23
9980276,ST. CLAIR CO., ,02/03/1990,2105,Tornado,0,F1,0,11,2500000,0,AL,CST, , ,C,115, ,0,0, , ,2,50,0, ,0, , ,02/03/1990,2105,33.68,-86.45, , ,"","",24
10148584,CHESAPEAKE (C) CO., ,02/09/1990,1245,Tornado,0,F0,0,0,25000,0,VA,EST, , ,C,550, ,0,0, , ,.2,23,0, ,0, , ,02/09/1990,1245,36.78,-76.40, , ,"","",25
9990985,MISSISSIPPI CO., ,02/09/1990,1515,Tornado,0,F0,0,0,0,0,AR,CST, , ,C,93, ,0,0, , ,.2,50,0, ,0, , ,02/09/1990,1515,35.75,-89.93, , ,"","",26
10120831,LAUDERDALE CO., ,02/09/1990,1534,Tornado,0,F1,0,0,25000,0,TN,CST, , ,C,97, ,0,0, , ,2,40,0, ,0, , ,02/09/1990,1534,35.77,-89.80, , ,"","",27
10139167,NACOGDOCHES CO., ,02/09/1990,1716,Tornado,0,F2,0,1,0,0,TX,CST, , ,C,347, ,0,0, , ,14,100,0, ,0, , ,02/09/1990,1716,31.70,-94.83,31.72,-94.62,"","",28
10139169,NACOGDOCHES CO., ,02/09/1990,1726,Tornado,0,F2,0,0,0,0,TX,CST, , ,C,347, ,0,0, , ,11,100,0, ,0, , ,02/09/1990,1726,31.72,-94.62,31.82,-94.50,"","",29
10064485,CALHOUN CO., ,02/09/1990,2030,Tornado,0,F0,0,0,25000,0,MS,CST, , ,C,13, ,0,0, , ,.5,20,0, ,0, , ,02/09/1990,2030,33.85,-89.42, , ,"","",30
10120834,FRANKLIN CO., ,02/09/1990,2213,Tornado,0,F1,0,0,25000,0,TN,CST, , ,C,51, ,0,0, , ,2.5,43,0, ,0, , ,02/09/1990,2213,35.27,-86.13, , ,"","",31
10120835,FRANKLIN CO., ,02/09/1990,2225,Tornado,0,F1,0,0,2500,0,TN,CST, , ,C,51, ,0,0, , ,2.2,50,0, ,0, , ,02/09/1990,2225,35.28,-85.98, , ,"","",32
10064495,MADISON CO., ,02/09/1990,2350,Tornado,0,F1,1,4,250000,0,MS,CST, , ,C,89, ,0,0, , ,1,40,0, ,0, , ,02/09/1990,2350,32.62,-89.90, , ,"","",33
9981453,SHELBY CO., ,02/10/1990,242,Tornado,0,F1,0,0,0,0,AL,CST, , ,C,117, ,0,0, , ,1,30,0, ,0, , ,02/10/1990,242,33.30,-86.85, , ,"","",34
9981468,CLAY CO., ,02/10/1990,355,Tornado,0,F1,0,5,250000,0,AL,CST, , ,C,27, ,0,0, , ,.5,20,0, ,0, , ,02/10/1990,355,33.35,-85.95, , ,"","",35
9995061,CARROLL CO., ,02/10/1990,415,Tornado,0,F1,0,0,250000,0,GA,EST, , ,C,45, ,0,0, , ,1.5,100,0, ,0, , ,02/10/1990,415,33.60,-85.20, , ,"","",36
9996129,DOUGLAS CO., ,02/10/1990,445,Tornado,0,F1,0,0,2500000,0,GA,EST, , ,C,97, ,0,0, , ,.5,200,0, ,0, , ,02/10/1990,445,33.78,-84.65, , ,"","",37
9996133,UPSON CO., ,02/10/1990,455,Tornado,0,F1,0,2,250000,0,GA,EST, , ,C,293, ,0,0, , ,3,73,0, ,0, , ,02/10/1990,455,32.90,-84.43,32.93,-84.40,"","",38
9996134,COBB CO., ,02/10/1990,455,Tornado,0,F2,0,2,2500000,0,GA,EST, , ,C,67, ,0,0, , ,1.3,200,0, ,0, , ,02/10/1990,455,33.87,-84.60, , ,"","",39
9996137,GWINNETT CO., ,02/10/1990,500,Tornado,0,F1,0,0,2500000,0,GA,EST, , ,C,135, ,0,0, , ,1,73,0, ,0, , ,02/10/1990,500,33.92,-84.17, , ,"","",40
9996144,FULTON CO., ,02/10/1990,510,Tornado,0,F1,0,0,2500000,0,GA,EST, , ,C,121, ,0,0, , ,2.5,73,0, ,0, , ,02/10/1990,510,33.77,-84.40, , ,"","",41
9996152,WALTON CO., ,02/10/1990,515,Tornado,0,F1,0,0,250000,0,GA,EST, , ,C,297, ,0,0, , ,4,100,0, ,0, , ,02/10/1990,515,33.88,-83.83,33.92,-83.77,"","",42
9996153,NEWTON CO., ,02/10/1990,515,Tornado,0,F1,0,0,250000,0,GA,EST, , ,C,217, ,0,0, , ,2.5,100,0, ,0, , ,02/10/1990,515,33.67,-83.92, , ,"","",43
9996168,SUMTER CO., ,02/10/1990,535,Tornado,0,F1,0,1,2500000,0,GA,EST, , ,C,261, ,0,0, , ,.5,73,0, ,0, , ,02/10/1990,535,32.07,-84.23, , ,"","",44
10109988,OCONEE CO., ,02/10/1990,620,Tornado,0,F1,0,1,250000,0,SC,EST, , ,C,73, ,0,0, , ,1,60,0, ,0, , ,02/10/1990,620,34.73,-82.90,34.75,-82.88,"","",45
10109989,PICKENS CO., ,02/10/1990,622,Tornado,0,F1,0,0,250000,0,SC,EST, , ,C,77, ,0,0, , ,2,60,0, ,0, , ,02/10/1990,622,34.75,-82.88,34.72,-82.88,"","",46
10064514,JACKSON CO., ,02/10/1990,630,Tornado,0,F1,0,0,250000,0,MS,CST, , ,C,59, ,0,0, , ,2,30,0, ,0, , ,02/10/1990,630,30.55,-88.43, , ,"","",47
10109993,PICKENS CO., ,02/10/1990,655,Tornado,0,F1,0,0,250000,0,SC,CST, , ,C,77, ,0,0, , ,3,100,0, ,0, , ,02/10/1990,655,34.83,-82.60,34.87,-82.55,"","",48
10109994,GREENVILLE CO., ,02/10/1990,700,Tornado,0,F0,0,0,250000,0,SC,CST, , ,C,45, ,0,0, , ,3,80,0, ,0, , ,02/10/1990,700,34.85,-82.40,34.88,-82.35,"","",49
10109999,SPARTANBURG CO., ,02/10/1990,738,Tornado,0,F1,0,0,250,0,SC,CST, , ,C,83, ,0,0, , ,2,50,0, ,0, , ,02/10/1990,738,35.12,-81.87,35.13,-81.83,"","",50
10110000,CHEROKEE CO., ,02/10/1990,742,Tornado,0,F1,0,0,250000,0,SC,CST, , ,C,21, ,0,0, , ,3,50,0, ,0, , ,02/10/1990,742,35.13,-81.83,35.10,-81.82,"","",51
10087805,CLEVELAND CO., ,02/10/1990,800,Tornado,0,F2,0,0,250000,0,NC,EST, , ,C,45, ,0,0, , ,.4,50,0, ,0, , ,02/10/1990,800,35.20,-81.55, , ,"","",52
10001243,SANTA ROSA CO., ,02/10/1990,821,Tornado,0,F1,0,0,250000,0,FL,EST, , ,C,113, ,0,0, , ,.2,23,0, ,0, , ,02/10/1990,821,30.60,-87.05, , ,"","",53
10088875,HALIFAX CO., ,02/10/1990,1220,Tornado,0,F1,0,0,250000,0,NC,CST, , ,C,83, ,0,0, , ,15,70,0, ,0, , ,02/10/1990,1220,36.23,-77.75,36.32,-77.62,"","",54
10088876,DARE CO., ,02/10/1990,1540,Tornado,0,F0,0,0,0,0,NC,CST, , ,C,55, ,0,0, , ,1,50,0, ,0, , ,02/10/1990,1540,35.85,-75.67, , ,"","",55
10045654,ACADIA PAR., ,02/15/1990,1111,Tornado,0,F1,0,5,250000,0,LA,CST, , ,C,1, ,0,0, , ,.8,40,0, ,0, , ,02/15/1990,1111,30.30,-92.20, , ,"","",56
10064521,LAUDERDALE CO., ,02/15/1990,1252,Tornado,0,F0,0,0,0,0,MS,CST, , ,C,75, ,0,0, , ,8,20,0, ,0, , ,02/15/1990,1252,32.37,-88.90,32.38,-88.75,"","",57
10064526,LAUDERDALE CO., ,02/15/1990,1350,Tornado,0,F0,0,0,0,0,MS,CST, , ,C,75, ,0,0, , ,.5,20,0, ,0, , ,02/15/1990,1350,32.50,-88.72, , ,"","",58
10069817,NEW MADRID CO., ,02/15/1990,1408,Tornado,0,F1,0,0,2500,0,MO,CST, , ,C,143, ,0,0, , ,.2,50,0, ,0, , ,02/15/1990,1408,36.43,-89.67, , ,"","",59
9981488,SUMTER CO., ,02/15/1990,1420,Tornado,0,F0,0,0,0,0,AL,CST, , ,C,119, ,0,0, , ,.3,33,0, ,0, , ,02/15/1990,1420,32.60,-88.18, , ,"","",60
10069818,NEW MADRID CO., ,02/15/1990,1424,Tornado,0,F1,0,0,0,0,MO,CST, , ,C,143, ,0,0, , ,.2,50,0, ,0, , ,02/15/1990,1424,36.80,-89.62, , ,"","",61
10045660,DE SOTO PAR., ,02/15/1990,1425,Tornado,0,F1,0,0,250000,0,LA,CST, , ,C,31, ,0,0, , ,2,40,0, ,0, , ,02/15/1990,1425,32.13,-93.67, , ,"","",62
10046714,CLAIBORNE PAR., ,02/15/1990,1458,Tornado,0,F1,0,0,2500,0,LA,CST, , ,C,27, ,0,0, , ,.8,30,0, ,0, , ,02/15/1990,1458,32.72,-93.00, , ,"","",63
10046715,BIENVILLE PAR., ,02/15/1990,1510,Tornado,0,F1,0,0,2500,0,LA,CST, , ,C,13, ,0,0, , ,.8,30,0, ,0, , ,02/15/1990,1510,32.42,-93.28, , ,"","",64
10046716,WEBSTER PAR., ,02/15/1990,1515,Tornado,0,F0,0,0,0,0,LA,CST, , ,C,119, ,0,0, , ,.8,30,0, ,0, , ,02/15/1990,1515,32.42,-93.27, , ,"","",65
10046719,UNION PAR., ,02/15/1990,1550,Tornado,0,F1,0,0,0,0,LA,CST, , ,C,111, ,0,0, , ,.5,30,0, ,0, , ,02/15/1990,1550,32.93,-92.57, , ,"","",66
9997296,CARROLL CO., ,02/16/1990,435,Tornado,0,F2,0,11,250000,0,GA,EST, , ,C,45, ,0,0, , ,7,100,0, ,0, , ,02/16/1990,435,33.58,-85.05,33.68,-84.95,"","",67
10110002,KERSHAW CO., ,02/16/1990,1324,Tornado,0,F0,0,0,2500,0,SC,EST, , ,C,55, ,0,0, , ,.1,10,0, ,0, , ,02/16/1990,1324,34.32,-80.53, , ,"","",68
10118481,CENTRE CO., ,02/16/1990,1835,Tornado,0,F1,0,0,250000,0,PA,EST, , ,C,27, ,0,0, , ,3,350,0, ,0, , ,02/16/1990,1835,40.78,-77.80,40.80,-77.75,"","",69
9980804,COVINGTON CO., ,02/22/1990,551,Tornado,0,F1,0,10,2500000,0,AL,CST, , ,C,39, ,0,0, , ,1.5,50,0, ,0, , ,02/22/1990,551,31.28,-86.25, , ,"","",70
9995355,HARRIS CO., ,02/22/1990,903,Tornado,0,F1,0,0,2500,0,GA,EST, , ,C,145, ,0,0, , ,.2,50,0, ,0, , ,02/22/1990,903,32.68,-84.73, , ,"","",71
10001255,CHARLOTTE CO., ,02/23/1990,830,Tornado,0,F0,0,0,25000,0,FL,EST, , ,C,15, ,0,0, , ,.2,10,0, ,0, , ,02/23/1990,830,26.93,-82.05, , ,"","",72
10139970,PRESIDIO CO., ,02/27/1990,1420,Tornado,0,F0,0,0,0,0,TX,CST, , ,C,377, ,0,0, , ,.5,20,0, ,0, , ,02/27/1990,1420,30.47,-104.20, , ,"","",73
10005258,HANCOCK CO., ,03/08/1990,1515,Tornado,0,F2,0,0,250000,0,IL,CST, , ,C,67, ,0,0, , ,2,33,0, ,0, , ,03/08/1990,1515,40.20,-90.95,40.20,-90.90,"","",74
10005259,SCHUYLER CO., ,03/08/1990,1520,Tornado,0,F2,0,0,250000,0,IL,CST, , ,C,169, ,0,0, , ,25,33,0, ,0, , ,03/08/1990,1520,40.20,-90.90,40.23,-90.43,"","",75
10005260,FULTON CO., ,03/08/1990,1605,Tornado,0,F2,0,0,250000,0,IL,CST, , ,C,57, ,0,0, , ,15,50,0, ,0, , ,03/08/1990,1605,40.23,-90.43,40.23,-90.20,"","",76
10026236,JOHNSON CO., ,03/08/1990,1635,Tornado,0,F1,0,0,250000,0,IA,CST, , ,C,103, ,0,0, , ,2.5,30,0, ,0, , ,03/08/1990,1635,41.72,-91.57, , ,"","",77
10026237,CEDAR CO., ,03/08/1990,1740,Tornado,0,F0,0,0,2500,0,IA,CST, , ,C,31, ,0,0, , ,.1,23,0, ,0, , ,03/08/1990,1740,41.77,-91.18, , ,"","",78
10036570,RENO CO., ,03/11/1990,1700,Tornado,0,F0,0,0,0,0,KS,CST, , ,C,155, ,0,0, , ,.1,50,0, ,0, , ,03/11/1990,1700,38.07,-98.33, , ,"","",79
10036571,RICE CO., ,03/11/1990,1715,Tornado,0,F1,0,0,250000,0,KS,CST, , ,C,159, ,0,0, , ,14,440,0, ,0, , ,03/11/1990,1715,38.23,-98.30,38.47,-98.15,"","",80
10026247,LEE CO., ,03/12/1990,2240,Tornado,0,F0,0,0,25000,0,IA,CST, , ,C,111, ,0,0, , ,.2,20,0, ,0, , ,03/12/1990,2240,40.70,-91.32, , ,"","",81
10037660,SHAWNEE CO., ,03/12/1990,2349,Tornado,0,F1,0,1,250000,0,KS,CST, , ,C,177, ,0,0, , ,4,100,0, ,0, , ,03/12/1990,2349,39.00,-95.62,39.02,-95.50,"","",82
10037661,DOUGLAS CO., ,03/12/1990,2358,Tornado,0,F1,0,0,250000,0,KS,CST, , ,C,45, ,0,0, , ,1,100,0, ,0, , ,03/12/1990,2358,39.02,-95.50,39.02,-95.48,"","",83
10037662,JEFFERSON CO., ,03/13/1990,10,Tornado,0,F1,0,0,250000,0,KS,CST, , ,C,87, ,0,0, , ,3,100,0, ,0, , ,03/13/1990,10,39.18,-95.25,39.22,-95.20,"","",84
10037664,HODGEMAN CO., ,03/13/1990,836,Tornado,0,F1,0,0,0,0,KS,CST, , ,C,83, ,0,0, , ,1,23,0, ,0, , ,03/13/1990,836,38.20,-100.05, , ,"","",85
10027107,DAVIS CO., ,03/13/1990,1532,Tornado,0,F1,0,0,250000,0,IA,CST, , ,C,51, ,0,0, , ,14,23,0, ,0, , ,03/13/1990,1532,40.65,-92.37,40.85,-92.28,"","",86
10027109,SAC CO., ,03/13/1990,1631,Tornado,0,F0,0,0,2500,0,IA,CST, , ,C,161, ,0,0, , ,.3,50,0, ,0, , ,03/13/1990,1631,41.52,-90.47, , ,"","",87
10037677,RENO CO., ,03/13/1990,1634,Tornado,0,F5,0,1,25000000,0,KS,CST, , ,C,155, ,0,0, , ,21,1320,0, ,0, , ,03/13/1990,1634,37.77,-98.02,37.93,-97.72,"","",88
10027325,SCOTT CO., ,03/13/1990,1642,Tornado,0,F0,0,0,2500,0,IA,CST, , ,C,163, ,0,0, , ,.2,73,0, ,0, , ,03/13/1990,1642,41.60,-90.28, , ,"","",89
10102048,GRADY CO., ,03/13/1990,1644,Tornado,0,F2,0,0,2500000,0,OK,CST, , ,C,51, ,0,0, , ,4,200,0, ,0, , ,03/13/1990,1644,34.88,-97.72,34.93,-97.65,"","",90
10027326,SCOTT CO., ,03/13/1990,1645,Tornado,0,F3,0,0,250000,0,IA,CST, , ,C,163, ,0,0, , ,.5,73,0, ,0, , ,03/13/1990,1645,41.60,-90.28,41.62,-90.33,"","",91
10082186,BUFFALO CO., ,03/13/1990,1645,Tornado,0,F1,0,0,250,0,NE,CST, , ,C,19, ,0,0, , ,1,80,0, ,0, , ,03/13/1990,1645,40.80,-98.77, , ,"","",92
10005264,ROCK ISLAND CO., ,03/13/1990,1646,Tornado,0,F3,0,1,2500000,0,IL,CST, , ,C,161, ,0,0, , ,12,250,0, ,0, , ,03/13/1990,1646,41.62,-90.33,41.77,-90.22,"","",93
10037678,SMITH CO., ,03/13/1990,1648,Tornado,0,F1,0,0,25000,0,KS,CST, , ,C,183, ,0,0, , ,13,220,0, ,0, , ,03/13/1990,1648,39.82,-98.78,40.03,-98.78,"","",94
10027327,LINN CO., ,03/13/1990,1653,Tornado,0,F4,0,0,25000000,0,IA,CST, , ,C,113, ,0,0, , ,4,200,0, ,0, , ,03/13/1990,1653,42.23,-91.42,42.27,-91.33,"","",95
10102050,MCCLAIN CO., ,03/13/1990,1655,Tornado,0,F2,0,1,2500000,0,OK,CST, , ,C,87, ,0,0, , ,20,200,0, ,0, , ,03/13/1990,1655,34.93,-97.65,35.08,-97.40,"","",96
10027328,SCOTT CO., ,03/13/1990,1655,Tornado,0,F1,0,0,250000,0,IA,CST, , ,C,163, ,0,0, , ,8,73,0, ,0, , ,03/13/1990,1655,41.60,-90.33,41.75,-90.37,"","",97
10037679,JEWELL CO., ,03/13/1990,1700,Tornado,0,F1,0,0,25000,0,KS,CST, , ,C,89, ,0,0, , ,1.5,100,0, ,0, , ,03/13/1990,1700,39.83,-98.42, , ,"","",98
10082187,KEARNEY CO., ,03/13/1990,1700,Tornado,0,F3,0,0,2500000,0,NE,CST, , ,C,99, ,0,0, , ,10,200,0, ,0, , ,03/13/1990,1700,40.53,-99.00,40.72,-98.83,"","",99
10027329,JONES CO., ,03/13/1990,1700,Tornado,0,F4,0,0,25000000,0,IA,CST, , ,C,105, ,0,0, , ,5,200,0, ,0, , ,03/13/1990,1700,42.27,-91.33,42.33,-91.27,"","",100
10037680,HARVEY CO., ,03/13/1990,1700,Tornado,0,F5,1,59,25000000,0,KS,CST, , ,C,79, ,0,0, , ,26,1320,0, ,0, , ,03/13/1990,1700,37.93,-97.72,38.17,-97.38,"","",101
10082188,WEBSTER CO., ,03/13/1990,1705,Tornado,0,F4,0,0,25000000,0,NE,CST, , ,C,181, ,0,0, , ,20,440,0, ,0, , ,03/13/1990,1705,40.05,-98.53,40.30,-98.27,"","",102
10027330,CLINTON CO., ,03/13/1990,1707,Tornado,0,F1,0,0,250000,0,IA,CST, , ,C,45, ,0,0, , ,5,43,0, ,0, , ,03/13/1990,1707,41.75,-90.37,41.65,-90.37,"","",103
10027331,JONES CO., ,03/13/1990,1708,Tornado,0,F1,0,0,2500000,0,IA,CST, , ,C,105, ,0,0, , ,6,30,0, ,0, , ,03/13/1990,1708,42.23,-91.20,42.30,-91.10,"","",104
10027332,POTTAWATTAMIE CO., ,03/13/1990,1710,Tornado,0,F1,0,0,250000,0,IA,CST, , ,C,155, ,0,0, , ,8,40,0, ,0, , ,03/13/1990,1710,41.38,-95.83,41.47,-95.68,"","",105
10082189,BUFFALO CO., ,03/13/1990,1710,Tornado,0,F3,0,0,2500000,0,NE,CST, , ,C,19, ,0,0, , ,10,200,0, ,0, , ,03/13/1990,1710,40.72,-98.83,40.78,-98.70,"","",106
10027333,DELAWARE CO., ,03/13/1990,1710,Tornado,0,F4,0,0,25000000,0,IA,CST, , ,C,55, ,0,0, , ,9,200,0, ,0, , ,03/13/1990,1710,42.33,-91.27,42.38,-91.13,"","",107
10005265,WHITESIDE CO., ,03/13/1990,1711,Tornado,0,F3,0,0,2500000,0,IL,CST, , ,C,195, ,0,0, , ,3,250,0, ,0, , ,03/13/1990,1711,41.77,-90.22,41.77,-90.20,"","",108
10102053,GRANT CO., ,03/13/1990,1715,Tornado,0,F3,0,0,250000,0,OK,CST, , ,C,53, ,0,0, , ,19,200,0, ,0, , ,03/13/1990,1715,36.73,-97.98,36.97,-97.82,"","",109
10082190,KEARNEY CO., ,03/13/1990,1720,Tornado,0,F2,0,0,250000,0,NE,CST, , ,C,99, ,0,0, , ,8,100,0, ,0, , ,03/13/1990,1720,40.37,-99.23,40.48,-99.23,"","",110
10082191,HALL CO., ,03/13/1990,1720,Tornado,0,F3,0,0,2500000,0,NE,CST, , ,C,79, ,0,0, , ,12,200,0, ,0, , ,03/13/1990,1720,40.78,-98.70,40.97,-98.60,"","",111
10027335,DUBUQUE CO., ,03/13/1990,1722,Tornado,0,F4,0,0,25000000,0,IA,CST, , ,C,61, ,0,0, , ,1,200,0, ,0, , ,03/13/1990,1722,42.38,-91.13,42.40,-91.12,"","",112
10082192,ADAMS CO., ,03/13/1990,1725,Tornado,0,F2,0,0,250000,0,NE,CST, , ,C,1, ,0,0, , ,2,80,0, ,0, , ,03/13/1990,1725,40.67,-98.65,40.72,-98.67,"","",113
10082193,HALL CO., ,03/13/1990,1728,Tornado,0,F2,0,0,250000,0,NE,CST, , ,C,79, ,0,0, , ,7,80,0, ,0, , ,03/13/1990,1728,40.72,-98.67,40.82,-98.60,"","",114
10102056,CLEVELAND CO., ,03/13/1990,1730,Tornado,0,F2,0,0,2500000,0,OK,CST, , ,C,27, ,0,0, , ,4,200,0, ,0, , ,03/13/1990,1730,35.08,-97.40,35.20,-97.33,"","",115
10140876,THROCKMORTON CO., ,03/13/1990,1730,Tornado,0,F0,0,0,0,0,TX,CST, , ,C,447, ,0,0, , ,.2,10,0, ,0, , ,03/13/1990,1730,33.00,-98.97, , ,"","",116
10037682,HARVEY CO., ,03/13/1990,1730,Tornado,0,F5,0,0,25000000,0,KS,CST, , ,C,79, ,0,0, , ,2,1320,0, ,0, , ,03/13/1990,1730,38.15,-97.43,38.18,-97.42,"","",117
10102057,MCCLAIN CO., ,03/13/1990,1731,Tornado,0,F2,0,0,250000,0,OK,CST, , ,C,87, ,0,0, , ,15,150,0, ,0, , ,03/13/1990,1731,34.97,-97.60,35.05,-97.37,"","",118
10037684,MCPHERSON CO., ,03/13/1990,1733,Tornado,0,F5,0,0,25000000,0,KS,CST, , ,C,113, ,0,0, , ,1,1320,0, ,0, , ,03/13/1990,1733,38.17,-97.38,38.18,-97.37,"","",119
10037685,MCPHERSON CO., ,03/13/1990,1735,Tornado,0,F5,0,0,25000000,0,KS,CST, , ,C,113, ,0,0, , ,4,1320,0, ,0, , ,03/13/1990,1735,38.18,-97.42,38.22,-97.33,"","",120
10082194,BUFFALO CO., ,03/13/1990,1735,Tornado,0,F0,0,0,30,0,NE,CST, , ,C,19, ,0,0, , ,.1,40,0, ,0, , ,03/13/1990,1735,40.73,-99.08, , ,"","",121
10082195,HALL CO., ,03/13/1990,1744,Tornado,0,F3,0,0,2500000,0,NE,CST, , ,C,79, ,0,0, , ,17,200,0, ,0, , ,03/13/1990,1744,40.88,-98.47,41.03,-98.33,"","",122
10037687,MARION CO., ,03/13/1990,1746,Tornado,0,F5,1,0,25000000,0,KS,CST, , ,C,115, ,0,0, , ,16,1320,0, ,0, , ,03/13/1990,1746,38.22,-97.33,38.42,-97.17,"","",123
10102059,CLEVELAND CO., ,03/13/1990,1753,Tornado,0,F1,0,0,0,0,OK,CST, , ,C,27, ,0,0, , ,5,50,0, ,0, , ,03/13/1990,1753,35.22,-97.35,35.27,-97.27,"","",124
10102060,GRANT CO., ,03/13/1990,1754,Tornado,0,F3,0,0,0,0,OK,CST, , ,C,53, ,0,0, , ,4,150,0, ,0, , ,03/13/1990,1754,36.95,-97.83,37.00,-97.72,"","",125
10027337,DUBUQUE CO., ,03/13/1990,1755,Tornado,0,F1,0,0,25000,0,IA,CST, , ,C,61, ,0,0, , ,3,23,0, ,0, , ,03/13/1990,1755,42.57,-91.00,42.60,-90.98,"","",126
10082196,NUCKOLLS CO., ,03/13/1990,1755,Tornado,0,F4,0,3,25000000,0,NE,CST, , ,C,129, ,0,0, , ,7,440,0, ,0, , ,03/13/1990,1755,40.30,-98.27,40.35,-98.18,"","",127
10102062,CLEVELAND CO., ,03/13/1990,1759,Tornado,0,F2,0,1,250000,0,OK,CST, , ,C,27, ,0,0, , ,5,200,0, ,0, , ,03/13/1990,1759,35.30,-97.23,35.38,-97.15,"","",128
10102063,CLEVELAND CO., ,03/13/1990,1800,Tornado,0,F2,0,0,250000,0,OK,CST, , ,C,27, ,0,0, , ,3,150,0, ,0, , ,03/13/1990,1800,35.05,-97.37,35.10,-97.35,"","",129
10102064,JEFFERSON CO., ,03/13/1990,1801,Tornado,0,F1,0,0,0,0,OK,CST, , ,C,67, ,0,0, , ,18,73,0, ,0, , ,03/13/1990,1801,34.17,-98.10,34.28,-97.82,"","",130
10037689,SUMNER CO., ,03/13/1990,1804,Tornado,0,F0,0,0,0,0,KS,CST, , ,C,191, ,0,0, , ,.1,50,0, ,0, , ,03/13/1990,1804,37.05,-97.33, , ,"","",131
10037690,SUMNER CO., ,03/13/1990,1805,Tornado,0,F3,0,0,2500000,0,KS,CST, , ,C,191, ,0,0, , ,18,200,0, ,0, , ,03/13/1990,1805,37.00,-97.72,37.23,-97.60,"","",132
10082197,HOWARD CO., ,03/13/1990,1805,Tornado,0,F3,0,0,2500000,0,NE,CST, , ,C,93, ,0,0, , ,4,200,0, ,0, , ,03/13/1990,1805,41.03,-98.33,41.10,-98.23,"","",133
10102065,POTTAWATOMIE CO., ,03/13/1990,1810,Tornado,0,F2,0,0,250000,0,OK,CST, , ,C,125, ,0,0, , ,11,200,0, ,0, , ,03/13/1990,1810,35.38,-97.15,35.45,-97.02,"","",134
10082198,CLAY CO., ,03/13/1990,1810,Tornado,0,F4,0,3,25000000,0,NE,CST, , ,C,35, ,0,0, , ,28,440,0, ,0, , ,03/13/1990,1810,40.35,-98.18,40.63,-97.83,"","",135
10037691,SUMNER CO., ,03/13/1990,1812,Tornado,0,F0,0,0,0,0,KS,CST, , ,C,191, ,0,0, , ,.1,50,0, ,0, , ,03/13/1990,1812,37.40,-97.65, , ,"","",136
10082199,MERRICK CO., ,03/13/1990,1813,Tornado,0,F3,0,0,2500000,0,NE,CST, , ,C,121, ,0,0, , ,6,200,0, ,0, , ,03/13/1990,1813,41.10,-98.23,41.18,-98.20,"","",137
10037692,MARION CO., ,03/13/1990,1815,Tornado,0,F2,0,0,2500000,0,KS,CST, , ,C,115, ,0,0, , ,10,220,0, ,0, , ,03/13/1990,1815,38.47,-97.08,38.60,-96.97,"","",138
10037693,JEWELL CO., ,03/13/1990,1820,Tornado,0,F1,0,0,250000,0,KS,CST, , ,C,89, ,0,0, , ,5,440,0, ,0, , ,03/13/1990,1820,39.87,-98.13,39.92,-98.05,"","",139
10082200,MERRICK CO., ,03/13/1990,1823,Tornado,0,F2,0,0,2500000,0,NE,CST, , ,C,121, ,0,0, , ,2,100,0, ,0, , ,03/13/1990,1823,41.25,-98.27,41.28,-98.33,"","",140
10082201,BOONE CO., ,03/13/1990,1825,Tornado,0,F1,0,0,250000,0,NE,CST, , ,C,11, ,0,0, , ,1.5,200,0, ,0, , ,03/13/1990,1825,41.65,-97.83, , ,"","",141
10082202,NANCE CO., ,03/13/1990,1827,Tornado,0,F2,0,0,2500000,0,NE,CST, , ,C,125, ,0,0, , ,11,100,0, ,0, , ,03/13/1990,1827,41.28,-98.33,41.42,-98.15,"","",142
10082203,NANCE CO., ,03/13/1990,1830,Tornado,0,F1,0,0,25000,0,NE,CST, , ,C,125, ,0,0, , ,2,50,0, ,0, , ,03/13/1990,1830,41.35,-97.95, , ,"","",143
10037694,HARPER CO., ,03/13/1990,1835,Tornado,0,F1,0,0,250000,0,KS,CST, , ,C,77, ,0,0, , ,12,50,0, ,0, , ,03/13/1990,1835,37.28,-97.92,37.28,-97.67,"","",144
10082204,FILLMORE CO., ,03/13/1990,1835,Tornado,0,F4,0,0,25000000,0,NE,CST, , ,C,59, ,0,0, , ,15,440,0, ,0, , ,03/13/1990,1835,40.63,-97.83,40.72,-97.70,"","",145
10037695,MORRIS CO., ,03/13/1990,1835,Tornado,0,F2,0,0,2500000,0,KS,CST, , ,C,127, ,0,0, , ,30,220,0, ,0, , ,03/13/1990,1835,38.60,-96.97,38.90,-96.57,"","",146
10102066,LINCOLN CO., ,03/13/1990,1840,Tornado,0,F2,0,0,250000,0,OK,CST, , ,C,81, ,0,0, , ,3,200,0, ,0, , ,03/13/1990,1840,35.45,-97.02,35.50,-96.98,"","",147
10037696,JEWELL CO., ,03/13/1990,1845,Tornado,0,F1,0,0,250000,0,KS,CST, , ,C,89, ,0,0, , ,6,550,0, ,0, , ,03/13/1990,1845,39.60,-98.03,39.63,-97.92,"","",148
10082205,MADISON CO., ,03/13/1990,1845,Tornado,0,F1,0,0,25000,0,NE,CST, , ,C,119, ,0,0, , ,.2,50,0, ,0, , ,03/13/1990,1845,41.75,-97.77, , ,"","",149
10037697,RENO CO., ,03/13/1990,1855,Tornado,0,F3,0,0,250000,0,KS,CST, , ,C,155, ,0,0, , ,5,200,0, ,0, , ,03/13/1990,1855,38.15,-97.73,38.13,-97.70,"","",150
10102068,STEPHENS CO., ,03/13/1990,1857,Tornado,0,F1,0,0,0,0,OK,CST, , ,C,137, ,0,0, , ,3,73,0, ,0, , ,03/13/1990,1857,34.28,-97.82,34.32,-97.73,"","",151
10037698,CLOUD CO., ,03/13/1990,1857,Tornado,0,F1,0,0,250000,0,KS,CST, , ,C,29, ,0,0, , ,1,550,0, ,0, , ,03/13/1990,1857,39.63,-97.92,39.65,-97.90,"","",152
10102069,JEFFERSON CO., ,03/13/1990,1858,Tornado,0,F3,0,0,2500000,0,OK,CST, , ,C,67, ,0,0, , ,1,200,0, ,0, , ,03/13/1990,1858,34.27,-97.75,34.28,-97.73,"","",153
10037699,REPUBLIC CO., ,03/13/1990,1859,Tornado,0,F1,0,0,250000,0,KS,CST, , ,C,157, ,0,0, , ,6,550,0, ,0, , ,03/13/1990,1859,39.65,-97.90,39.75,-97.90,"","",154
10102070,STEPHENS CO., ,03/13/1990,1900,Tornado,0,F3,0,0,2500000,0,OK,CST, , ,C,137, ,0,0, , ,15,200,0, ,0, , ,03/13/1990,1900,34.28,-97.73,34.38,-97.58,"","",155
10082207,YORK CO., ,03/13/1990,1900,Tornado,0,F4,0,2,25000000,0,NE,CST, , ,C,185, ,0,0, , ,23,440,0, ,0, , ,03/13/1990,1900,40.72,-97.70,41.03,-97.37,"","",156
10037700,REPUBLIC CO., ,03/13/1990,1900,Tornado,0,F2,0,0,2500000,0,KS,CST, , ,C,157, ,0,0, , ,15,440,0, ,0, , ,03/13/1990,1900,39.72,-97.85,39.92,-97.65,"","",157
10037701,HARVEY CO., ,03/13/1990,1910,Tornado,0,F3,0,0,250000,0,KS,CST, , ,C,79, ,0,0, , ,3,17,0, ,0, , ,03/13/1990,1910,38.13,-97.70,38.17,-97.67,"","",158
10037702,REPUBLIC CO., ,03/13/1990,1916,Tornado,0,F0,0,0,0,0,KS,CST, , ,C,157, ,0,0, , ,.5,10,0, ,0, , ,03/13/1990,1916,39.78,-97.63, , ,"","",159
10037703,MCPHERSON CO., ,03/13/1990,1916,Tornado,0,F3,0,0,2500000,0,KS,CST, , ,C,113, ,0,0, , ,10,400,0, ,0, , ,03/13/1990,1916,38.17,-97.67,38.23,-97.52,"","",160
10027338,DALLAS CO., ,03/13/1990,1920,Tornado,0,F0,0,0,2500,0,IA,CST, , ,C,49, ,0,0, , ,.1,13,0, ,0, , ,03/13/1990,1920,41.62,-93.95, , ,"","",161
10027339,BOONE CO., ,03/13/1990,1925,Tornado,0,F2,0,0,2500000,0,IA,CST, , ,C,15, ,0,0, , ,16,50,0, ,0, , ,03/13/1990,1925,42.03,-94.03,42.30,-93.88,"","",162
10037704,GEARY CO., ,03/13/1990,1925,Tornado,0,F2,0,0,2500000,0,KS,CST, , ,C,61, ,0,0, , ,5,220,0, ,0, , ,03/13/1990,1925,38.90,-96.57,38.93,-96.48,"","",163
10102073,CARTER CO., ,03/13/1990,1927,Tornado,0,F3,0,1,2500000,0,OK,CST, , ,C,19, ,0,0, , ,5,200,0, ,0, , ,03/13/1990,1927,34.38,-97.58,34.52,-97.43,"","",164
10082209,MADISON CO., ,03/13/1990,1930,Tornado,0,F1,0,0,2500000,0,NE,CST, , ,C,119, ,0,0, , ,.6,73,0, ,0, , ,03/13/1990,1930,41.98,-97.57, , ,"","",165
10037705,WABAUNSEE CO., ,03/13/1990,1935,Tornado,0,F2,0,0,2500000,0,KS,CST, , ,C,197, ,0,0, , ,10,220,0, ,0, , ,03/13/1990,1935,38.93,-96.48,39.02,-96.45,"","",166
10027340,BOONE CO., ,03/13/1990,1935,Tornado,0,F1,0,0,250000,0,IA,CST, , ,C,15, ,0,0, , ,1,30,0, ,0, , ,03/13/1990,1935,42.18,-93.85, , ,"","",167
10102075,GARVIN CO., ,03/13/1990,1940,Tornado,0,F3,0,0,2500000,0,OK,CST, , ,C,49, ,0,0, , ,1,200,0, ,0, , ,03/13/1990,1940,34.52,-97.43,34.52,-97.42,"","",168
10082210,THAYER CO., ,03/13/1990,1945,Tornado,0,F3,0,0,2500000,0,NE,CST, , ,C,169, ,0,0, , ,2,180,0, ,0, , ,03/13/1990,1945,40.32,-97.67,40.35,-97.62,"","",169
10082212,SEWARD CO., ,03/13/1990,1945,Tornado,0,F4,0,0,25000000,0,NE,CST, , ,C,159, ,0,0, , ,4,440,0, ,0, , ,03/13/1990,1945,41.03,-97.37,41.03,-97.33,"","",170
10082211,THAYER CO., ,03/13/1990,1945,Tornado,0,F3,0,0,250000,0,NE,CST, , ,C,169, ,0,0, , ,13,150,0, ,0, , ,03/13/1990,1945,40.02,-97.62,40.17,-97.47,"","",171
10082213,FILLMORE CO., ,03/13/1990,1948,Tornado,0,F3,0,0,2500000,0,NE,CST, , ,C,59, ,0,0, , ,23,180,0, ,0, , ,03/13/1990,1948,40.35,-97.62,40.62,-97.40,"","",172
10102077,GARVIN CO., ,03/13/1990,1950,Tornado,0,F2,0,0,2500000,0,OK,CST, , ,C,49, ,0,0, , ,28,150,0, ,0, , ,03/13/1990,1950,34.50,-97.45,34.82,-97.10,"","",173
10027341,HAMILTON CO., ,03/13/1990,1950,Tornado,0,F2,0,0,2500000,0,IA,CST, , ,C,79, ,0,0, , ,6,50,0, ,0, , ,03/13/1990,1950,42.30,-93.88,42.30,-93.77,"","",174
10037706,SALINE CO., ,03/13/1990,1950,Tornado,0,F0,0,0,0,0,KS,CST, , ,C,169, ,0,0, , ,.2,10,0, ,0, , ,03/13/1990,1950,38.80,-97.63, , ,"","",175
10027342,POLK CO., ,03/13/1990,1955,Tornado,0,F2,0,15,2500000,0,IA,CST, , ,C,153, ,0,0, , ,12,60,0, ,0, , ,03/13/1990,1955,41.73,-93.62,41.93,-93.50,"","",176
10082214,BUTLER CO., ,03/13/1990,1955,Tornado,0,F4,0,0,25000000,0,NE,CST, , ,C,23, ,0,0, , ,30,440,0, ,0, , ,03/13/1990,1955,41.03,-97.33,41.43,-97.03,"","",177
10037707,POTTAWATOMIE CO., ,03/13/1990,2003,Tornado,0,F1,0,0,250000,0,KS,CST, , ,C,149, ,0,0, , ,2,50,0, ,0, , ,03/13/1990,2003,39.20,-96.23, , ,"","",178
10102078,CREEK CO., ,03/13/1990,2010,Tornado,0,F2,0,0,250000,0,OK,CST, , ,C,37, ,0,0, , ,2,340,0, ,0, , ,03/13/1990,2010,35.70,-96.23,35.73,-96.22,"","",179
10027344,STORY CO., ,03/13/1990,2013,Tornado,0,F2,0,0,2500000,0,IA,CST, , ,C,169, ,0,0, , ,3,60,0, ,0, , ,03/13/1990,2013,41.93,-93.50,41.88,-93.40,"","",180
10102079,OKMULGEE CO., ,03/13/1990,2015,Tornado,0,F2,0,0,250000,0,OK,CST, , ,C,111, ,0,0, , ,7,340,0, ,0, , ,03/13/1990,2015,35.73,-96.22,35.77,-96.12,"","",181
10027345,STORY CO., ,03/13/1990,2036,Tornado,0,F3,0,1,250000,0,IA,CST, , ,C,169, ,0,0, , ,9,100,0, ,0, , ,03/13/1990,2036,42.02,-93.38,42.13,-93.30,"","",182
10037708,CLOUD CO., ,03/13/1990,2040,Tornado,0,F0,0,0,0,0,KS,CST, , ,C,29, ,0,0, , ,.2,10,0, ,0, , ,03/13/1990,2040,39.53,-97.67, , ,"","",183
10082218,COLFAX CO., ,03/13/1990,2045,Tornado,0,F4,0,0,25000000,0,NE,CST, , ,C,37, ,0,0, , ,4,440,0, ,0, , ,03/13/1990,2045,41.43,-97.03,41.45,-97.00,"","",184
10069826,POLK CO., ,03/13/1990,2130,Tornado,0,F2,0,0,2500000,0,MO,CST, , ,C,167, ,0,0, , ,2,600,0, ,0, , ,03/13/1990,2130,37.47,-93.28, , ,"","",185
10082226,THURSTON CO., ,03/13/1990,2201,Tornado,0,F1,0,0,250000,0,NE,CST, , ,C,173, ,0,0, , ,1.5,50,0, ,0, , ,03/13/1990,2201,42.02,-96.57, , ,"","",186
10034315,LABETTE CO., ,03/14/1990,45,Tornado,0,F1,0,0,250000,0,KS,CST, , ,C,99, ,0,0, , ,2,50,0, ,0, , ,03/14/1990,45,37.02,-95.10, , ,"","",187
10069829,JASPER CO., ,03/14/1990,749,Tornado,0,F1,0,0,25000,0,MO,CST, , ,C,97, ,0,0, , ,.5,50,0, ,0, , ,03/14/1990,749,37.08,-94.47, , ,"","",188
9990989,BENTON CO., ,03/14/1990,800,Tornado,0,F0,0,0,0,0,AR,CST, , ,C,7, ,0,0, , ,.2,50,0, ,0, , ,03/14/1990,800,36.38,-94.25, , ,"","",189
10136659,BELL CO., ,03/14/1990,945,Tornado,0,F3,0,0,250000,0,TX,CST, , ,C,27, ,0,0, , ,9,50,0, ,0, , ,03/14/1990,945,31.07,-97.50,31.10,-97.35,"","",190
10136661,HILL CO., ,03/14/1990,959,Tornado,0,F2,0,0,0,0,TX,CST, , ,C,217, ,0,0, , ,.2,10,0, ,0, , ,03/14/1990,959,31.97,-97.13, , ,"","",191
10136668,RAINS CO., ,03/14/1990,1205,Tornado,0,F2,0,0,0,0,TX,CST, , ,C,379, ,0,0, , ,4,50,0, ,0, , ,03/14/1990,1205,32.87,-95.93,32.92,-95.88,"","",192
10069830,LACLEDE CO., ,03/14/1990,1825,Tornado,0,F1,0,0,2500,0,MO,CST, , ,C,105, ,0,0, , ,.5,50,0, ,0, , ,03/14/1990,1825,37.68,-92.67, , ,"","",193
10046732,SABINE PAR., ,03/14/1990,1830,Tornado,0,F1,0,0,25000,0,LA,CST, , ,C,85, ,0,0, , ,.8,30,0, ,0, , ,03/14/1990,1830,31.57,-93.50, , ,"","",194
9990991,DALLAS CO., ,03/14/1990,1940,Tornado,0,F2,1,6,250000,0,AR,CST, , ,C,39, ,0,0, , ,2,200,0, ,0, , ,03/14/1990,1940,33.82,-92.42, , ,"","",195
10069832,CHRISTIAN CO., ,03/14/1990,2000,Tornado,0,F1,0,0,25000,0,MO,CST, , ,C,43, ,0,0, , ,.5,50,0, ,0, , ,03/14/1990,2000,37.02,-93.22, , ,"","",196
9990996,CHICOT CO., ,03/14/1990,2200,Tornado,0,F1,0,0,250000,0,AR,CST, , ,C,17, ,0,0, , ,.2,30,0, ,0, , ,03/14/1990,2200,33.48,-91.33, , ,"","",197
10046734,LAFOURCHE PAR., ,03/15/1990,425,Tornado,0,F0,0,0,25000,0,LA,CST, , ,C,57, ,0,0, , ,.5,23,0, ,0, , ,03/15/1990,425,29.40,-90.28, , ,"","",198
9980818,BALDWIN CO., ,03/15/1990,1545,Tornado,0,F0,0,0,0,0,AL,CST, , ,C,3, ,0,0, , ,.3,10,0, ,0, , ,03/15/1990,1545,30.38,-87.85, , ,"","",199
9980819,BALDWIN CO., ,03/15/1990,1612,Tornado,0,F0,0,0,0,0,AL,CST, , ,C,3, ,0,0, , ,.3,10,0, ,0, , ,03/15/1990,1612,30.48,-87.70, , ,"","",200
9980820,BALDWIN CO., ,03/15/1990,1628,Tornado,0,F0,0,0,0,0,AL,CST, , ,C,3, ,0,0, , ,.3,10,0, ,0, , ,03/15/1990,1628,30.55,-87.58, , ,"","",201
10154026,UINTAH CO., ,03/23/1990,1330,Tornado,0,F0,0,0,250,0,UT,MST, , ,C,47, ,0,0, , ,.2,10,0, ,0, , ,03/23/1990,1330,40.42,-109.50, , ,"","",202
10046736,VERNON PAR., ,03/29/1990,1340,Tornado,0,F1,0,0,25000,0,LA,CST, , ,C,115, ,0,0, , ,.5,30,0, ,0, , ,03/29/1990,1340,30.95,-93.27, , ,"","",203
10046741,JEFFERSON DAVIS PAR., ,03/29/1990,1927,Tornado,0,F1,0,0,25000,0,LA,CST, , ,C,53, ,0,0, , ,.3,23,0, ,0, , ,03/29/1990,1927,30.23,-93.02, , ,"","",204
10046742,ACADIA PAR., ,03/29/1990,2030,Tornado,0,F1,0,0,25000,0,LA,CST, , ,C,1, ,0,0, , ,.3,23,0, ,0, , ,03/29/1990,2030,30.40,-92.22, , ,"","",205
10046746,TERREBONNE PAR., ,03/29/1990,2200,Tornado,0,F1,0,7,250000,0,LA,CST, , ,C,109, ,0,0, , ,2,50,0, ,0, , ,03/29/1990,2200,29.70,-90.78, , ,"","",206
10136692,RUNNELS CO., ,04/01/1990,1510,Tornado,0,F0,0,0,0,0,TX,CST, , ,C,399, ,0,0, , ,.5,50,0, ,0, , ,04/01/1990,1510,31.90,-99.87, , ,"","",207
10146345,PITTSYLVANIA CO., ,04/02/1990,1630,Tornado,0,F0,0,0,250,0,VA,EDT, , ,C,143, ,0,0, , ,.1,10,0, ,0, , ,04/02/1990,1630,37.00,-79.37, , ,"","",208
10146348,CHESTERFIELD CO., ,04/02/1990,1853,Tornado,0,F2,0,0,2500000,0,VA,EDT, , ,C,41, ,0,0, , ,.2,100,0, ,0, , ,04/02/1990,1853,37.35,-77.45, , ,"","",209
10146351,BRUNSWICK CO., ,04/02/1990,2020,Tornado,0,F1,0,1,250000,0,VA,EST, , ,C,25, ,0,0, , ,1,20,0, ,0, , ,04/02/1990,2020,36.72,-77.78, , ,"","",210
10137555,YOUNG CO., ,04/05/1990,1600,Tornado,0,F1,0,0,0,0,TX,CST, , ,C,503, ,0,0, , ,.2,10,0, ,0, , ,04/05/1990,1600,33.27,-98.60, , ,"","",211
10137775,FISHER CO., ,04/05/1990,1624,Tornado,0,F0,0,0,0,0,TX,CST, , ,C,151, ,0,0, , ,.5,40,0, ,0, , ,04/05/1990,1624,32.55,-100.60, , ,"","",212
10137780,FISHER CO., ,04/05/1990,1645,Tornado,0,F0,0,0,0,0,TX,CST, , ,C,151, ,0,0, , ,.8,70,0, ,0, , ,04/05/1990,1645,32.75,-100.45, , ,"","",213
10137796,TAYLOR CO., ,04/05/1990,1800,Tornado,0,F2,0,0,0,0,TX,CST, , ,C,441, ,0,0, , ,.2,10,0, ,0, , ,04/05/1990,1800,32.45,-99.73, , ,"","",214
10137797,JONES CO., ,04/05/1990,1822,Tornado,0,F2,0,0,0,0,TX,CST, , ,C,253, ,0,0, , ,.2,10,0, ,0, , ,04/05/1990,1822,32.58,-99.90, , ,"","",215
10137803,PALO PINTO CO., ,04/05/1990,1840,Tornado,0,F1,0,0,0,0,TX,CST, , ,C,363, ,0,0, , ,.2,10,0, ,0, , ,04/05/1990,1840,32.75,-98.05, , ,"","",216
10137805,PARKER CO., ,04/05/1990,1847,Tornado,0,F2,0,0,0,0,TX,CST, , ,C,367, ,0,0, , ,.2,10,0, ,0, , ,04/05/1990,1847,32.83,-97.98, , ,"","",217
10137807,PARKER CO., ,04/05/1990,1853,Tornado,0,F2,0,0,0,0,TX,CST, , ,C,367, ,0,0, , ,.2,10,0, ,0, , ,04/05/1990,1853,32.82,-97.97, , ,"","",218
10137808,CALLAHAN CO., ,04/05/1990,1855,Tornado,0,F1,0,0,0,0,TX,CST, , ,C,59, ,0,0, , ,.2,10,0, ,0, , ,04/05/1990,1855,32.23,-99.20, , ,"","",219
10137810,PARKER CO., ,04/05/1990,1858,Tornado,0,F1,0,0,0,0,TX,CST, , ,C,367, ,0,0, , ,.2,10,0, ,0, , ,04/05/1990,1858,32.85,-97.80, , ,"","",220
10137817,EASTLAND CO., ,04/05/1990,1930,Tornado,0,F1,0,0,0,0,TX,CST, , ,C,133, ,0,0, , ,2,50,0, ,0, , ,04/05/1990,1930,32.22,-98.67, , ,"","",221
10137818,HOPKINS CO., ,04/05/1990,1940,Tornado,0,F0,0,0,0,0,TX,CST, , ,C,223, ,0,0, , ,.2,10,0, ,0, , ,04/05/1990,1940,33.13,-95.70, , ,"","",222
10138681,TARRANT CO., ,04/05/1990,2033,Tornado,0,F2,0,0,2500000,0,TX,CST, , ,C,439, ,0,0, , ,.2,10,0, ,0, , ,04/05/1990,2033,32.75,-97.35, , ,"","",223
10138906,CORYELL CO., ,04/05/1990,2210,Tornado,0,F0,0,0,0,0,TX,CST, , ,C,99, ,0,0, , ,.2,10,0, ,0, , ,04/05/1990,2210,31.53,-97.68, , ,"","",224
10034321,HARVEY CO., ,04/09/1990,1812,Tornado,0,F0,0,0,25000,0,KS,CST, , ,C,79, ,0,0, , ,19,210,0, ,0, , ,04/09/1990,1812,37.98,-97.65,37.98,-97.17,"","",225
10034326,BUTLER CO., ,04/09/1990,1905,Tornado,0,F0,0,0,25000,0,KS,CST, , ,C,15, ,0,0, , ,1,210,0, ,0, , ,04/09/1990,1905,37.98,-97.17,37.98,-97.15,"","",226
10034327,KINGMAN CO., ,04/09/1990,1918,Tornado,0,F1,0,0,0,0,KS,CST, , ,C,95, ,0,0, , ,7,420,0, ,0, , ,04/09/1990,1918,37.40,-98.23,37.45,-98.10,"","",227
10034330,KINGMAN CO., ,04/09/1990,1950,Tornado,0,F0,0,0,0,0,KS,CST, , ,C,95, ,0,0, , ,1,210,0, ,0, , ,04/09/1990,1950,37.57,-98.12, , ,"","",228
10138918,WICHITA CO., ,04/09/1990,2000,Tornado,0,F1,0,0,0,0,TX,CST, , ,C,485, ,0,0, , ,.2,10,0, ,0, , ,04/09/1990,2000,33.95,-98.70, , ,"","",229
10103229,CARTER CO., ,04/09/1990,2310,Tornado,0,F2,0,4,250000,0,OK,CST, , ,C,19, ,0,0, , ,11,440,0, ,0, , ,04/09/1990,2310,34.13,-97.27,34.22,-97.10,"","",230
9997688,HOUSTON CO., ,04/10/1990,1733,Tornado,0,F1,0,0,25000,0,GA,CST, , ,C,153, ,0,0, , ,.2,50,0, ,0, , ,04/10/1990,1733,32.28,-83.73, , ,"","",231
10088915,CLEVELAND CO., ,04/10/1990,1950,Tornado,0,F0,0,0,25000,0,NC,EST, , ,C,45, ,0,0, , ,.2,30,0, ,0, , ,04/10/1990,1950,35.25,-81.68, , ,"","",232
10138960,BOSQUE CO., ,04/14/1990,350,Tornado,0,F1,0,0,0,0,TX,CST, , ,C,35, ,0,0, , ,1,440,0, ,0, , ,04/14/1990,350,31.95,-97.92, , ,"","",233
10046755,WASHINGTON PAR., ,04/14/1990,1410,Tornado,0,F1,0,0,2500,0,LA,CST, , ,C,117, ,0,0, , ,.5,30,0, ,0, , ,04/14/1990,1410,30.73,-89.85, , ,"","",234
10046756,WASHINGTON PAR., ,04/14/1990,1415,Tornado,0,F1,0,0,2500,0,LA,CST, , ,C,117, ,0,0, , ,.5,30,0, ,0, , ,04/14/1990,1415,30.68,-89.88, , ,"","",235
10139820,PECOS CO., ,04/15/1990,1630,Tornado,0,F2,0,0,2500000,0,TX,CST, , ,C,371, ,0,0, , ,3.5,250,0, ,0, , ,04/15/1990,1630,30.90,-102.83,30.95,-102.80,"","",236
10140033,FISHER CO., ,04/15/1990,1710,Tornado,0,F0,0,0,0,0,TX,CST, , ,C,151, ,0,0, , ,.9,73,0, ,0, , ,04/15/1990,1710,32.70,-100.53, , ,"","",237
10140034,FISHER CO., ,04/15/1990,1738,Tornado,0,F0,0,0,0,0,TX,CST, , ,C,151, ,0,0, , ,.8,70,0, ,0, , ,04/15/1990,1738,32.60,-100.40, , ,"","",238
10140040,NOLAN CO., ,04/15/1990,1844,Tornado,0,F0,0,0,0,0,TX,CST, , ,C,353, ,0,0, , ,.9,60,0, ,0, , ,04/15/1990,1844,32.27,-100.25, , ,"","",239
10140041,COOKE CO., ,04/15/1990,1850,Tornado,0,F1,0,0,0,0,TX,CST, , ,C,97, ,0,0, , ,.2,10,0, ,0, , ,04/15/1990,1850,33.65,-97.47, , ,"","",240
10007443,TWIN FALLS CO., ,04/20/1990,1424,Tornado,0,F0,0,0,0,0,ID,MST, , ,C,83, ,0,0, , ,.2,10,0, ,0, , ,04/20/1990,1424,42.53,-114.25, , ,"","",241
10076218,CHAVES CO., ,04/21/1990,2120,Tornado,0,F0,0,0,0,0,NM,MST, , ,C,5, ,0,0, , ,.2,10,0, ,0, , ,04/21/1990,2120,33.37,-104.55, , ,"","",242
10076220,CHAVES CO., ,04/22/1990,1628,Tornado,0,F0,0,0,0,0,NM,MST, , ,C,5, ,0,0, , ,.2,10,0, ,0, , ,04/22/1990,1628,33.37,-104.55, , ,"","",243
10076224,CHAVES CO., ,04/22/1990,1710,Tornado,0,F0,0,0,0,0,NM,MST, , ,C,5, ,0,0, , ,.2,10,0, ,0, , ,04/22/1990,1710,33.38,-104.55, , ,"","",244
10049054,SWIFT CO., ,04/23/1990,1404,Tornado,0,F0,0,0,0,0,MN,CST, , ,C,151, ,0,0, , ,1,10,0, ,0, , ,04/23/1990,1404,45.27,-95.47, , ,"","",245
10049055,SWIFT CO., ,04/23/1990,1410,Tornado,0,F0,0,0,0,0,MN,CST, , ,C,151, ,0,0, , ,12,10,0, ,0, , ,04/23/1990,1410,45.30,-95.60,45.45,-95.43,"","",246
9997911,HERNANDO CO., ,04/23/1990,1610,Tornado,0,F0,0,0,2500,0,FL,EST, , ,C,53, ,0,0, , ,.5,7,0, ,0, , ,04/23/1990,1610,28.55,-82.45, , ,"","",247
9990194,PLACER CO., ,04/23/1990,1730,Tornado,0,F0,0,0,2500,0,CA,CST, , ,C,61, ,0,0, , ,.2,10,0, ,0, , ,04/23/1990,1730,38.85,-121.17, , ,"","",248
10154027,WEBER CO., ,04/23/1990,1745,Tornado,0,F0,0,1,25000,0,UT,CST, , ,C,57, ,0,0, , ,.1,13,0, ,0, , ,04/23/1990,1745,41.28,-112.05, , ,"","",249
10137003,REAGAN CO., ,04/23/1990,1800,Tornado,0,F0,0,0,0,0,TX,CST, , ,C,383, ,0,0, , ,1.2,80,0, ,0, , ,04/23/1990,1800,31.67,-101.58, , ,"","",250
10137004,BRISCOE CO., ,04/23/1990,1815,Tornado,0,F0,0,0,0,0,TX,CST, , ,C,45, ,0,0, , ,1.3,70,0, ,0, , ,04/23/1990,1815,34.53,-101.23, , ,"","",251
10137005,BRISCOE CO., ,04/23/1990,1835,Tornado,0,F0,0,0,0,0,TX,CST, , ,C,45, ,0,0, , ,1,60,0, ,0, , ,04/23/1990,1835,34.55,-101.20, , ,"","",252
10027359,HANCOCK CO., ,04/23/1990,2100,Tornado,0,F1,0,0,250000,0,IA,CST, , ,C,81, ,0,0, , ,.5,50,0, ,0, , ,04/23/1990,2100,43.27,-93.83, , ,"","",253
10137021,GRAY CO., ,04/24/1990,1711,Tornado,0,F0,0,0,250,0,TX,CST, , ,C,179, ,0,0, , ,1.4,80,0, ,0, , ,04/24/1990,1711,35.17,-100.60, , ,"","",254
10137025,HEMPHILL CO., ,04/24/1990,1930,Tornado,0,F0,0,0,0,0,TX,CST, , ,C,211, ,0,0, , ,1.3,70,0, ,0, , ,04/24/1990,1930,35.75,-100.20, , ,"","",255
10137027,HEMPHILL CO., ,04/24/1990,2015,Tornado,0,F1,0,0,2500,0,TX,CST, , ,C,211, ,0,0, , ,3,130,0, ,0, , ,04/24/1990,2015,35.90,-100.05,35.90,-100.00,"","",256
10137028,LIPSCOMB CO., ,04/24/1990,2057,Tornado,0,F1,0,0,2500,0,TX,CST, , ,C,295, ,0,0, , ,2.5,110,0, ,0, , ,04/24/1990,2057,36.07,-100.15, , ,"","",257
10100988,ELLIS CO., ,04/24/1990,2123,Tornado,0,F2,0,5,2500000,0,OK,CST, , ,C,45, ,0,0, , ,19,250,0, ,0, , ,04/24/1990,2123,36.02,-99.83,36.40,-99.72,"","",258
10137031,DONLEY CO., ,04/24/1990,2140,Tornado,0,F0,0,0,0,0,TX,CST, , ,C,129, ,0,0, , ,1.5,90,0, ,0, , ,04/24/1990,2140,35.13,-100.55, , ,"","",259
10137033,WHEELER CO., ,04/24/1990,2230,Tornado,0,F1,0,1,2500,0,TX,CST, , ,C,483, ,0,0, , ,3.5,140,0, ,0, , ,04/24/1990,2230,35.22,-100.45,35.27,-100.38,"","",260
10137036,WHEELER CO., ,04/24/1990,2317,Tornado,0,F1,0,0,25000,0,TX,CST, , ,C,483, ,0,0, , ,4,250,0, ,0, , ,04/24/1990,2317,35.22,-100.28,35.23,-100.22,"","",261
10100997,TEXAS CO., ,04/25/1990,50,Tornado,0,F1,0,0,0,0,OK,CST, , ,C,139, ,0,0, , ,2,50,0, ,0, , ,04/25/1990,50,36.93,-101.08, , ,"","",262
10034344,GRAY CO., ,04/25/1990,1430,Tornado,0,F1,0,0,25000,0,KS,CST, , ,C,69, ,0,0, , ,25,50,0, ,0, , ,04/25/1990,1430,37.60,-100.52,37.95,-100.27,"","",263
10137903,PARKER CO., ,04/25/1990,1530,Tornado,0,F2,0,0,0,0,TX,CST, , ,C,367, ,0,0, , ,4,300,0, ,0, , ,04/25/1990,1530,32.73,-97.85,32.78,-97.83,"","",264
10137904,PARKER CO., ,04/25/1990,1544,Tornado,0,F4,0,0,2500000,0,TX,CST, , ,C,367, ,0,0, , ,10,880,0, ,0, , ,04/25/1990,1544,32.78,-97.83,32.90,-97.75,"","",265
10034345,NESS CO., ,04/25/1990,1607,Tornado,0,F0,0,0,2500,0,KS,CST, , ,C,135, ,0,0, , ,1,50,0, ,0, , ,04/25/1990,1607,38.40,-99.90, , ,"","",266
10137905,PARKER CO., ,04/25/1990,1613,Tornado,0,F1,0,0,0,0,TX,CST, , ,C,367, ,0,0, , ,.2,10,0, ,0, , ,04/25/1990,1613,32.92,-97.70, , ,"","",267
10137906,WISE CO., ,04/25/1990,1620,Tornado,0,F2,0,0,0,0,TX,CST, , ,C,497, ,0,0, , ,5,100,0, ,0, , ,04/25/1990,1620,33.07,-97.72,33.08,-97.67,"","",268
10034346,GOVE CO., ,04/25/1990,1650,Tornado,0,F0,0,0,2500,0,KS,CST, , ,C,63, ,0,0, , ,2,23,0, ,0, , ,04/25/1990,1650,38.77,-100.48, , ,"","",269
10137907,WISE CO., ,04/25/1990,1650,Tornado,0,F1,0,0,0,0,TX,CST, , ,C,497, ,0,0, , ,.2,10,0, ,0, , ,04/25/1990,1650,33.17,-97.65, , ,"","",270
10034347,NESS CO., ,04/25/1990,1700,Tornado,0,F3,0,0,2500000,0,KS,CST, , ,C,135, ,0,0, , ,4,500,0, ,0, , ,04/25/1990,1700,38.62,-99.73,38.68,-99.70,"","",271
10137908,WISE CO., ,04/25/1990,1705,Tornado,0,F2,0,0,0,0,TX,CST, , ,C,497, ,0,0, , ,.2,10,0, ,0, , ,04/25/1990,1705,33.25,-97.62, , ,"","",272
10034348,ROOKS CO., ,04/25/1990,1708,Tornado,0,F1,0,0,2500000,0,KS,CST, , ,C,163, ,0,0, , ,15,100,0, ,0, , ,04/25/1990,1708,39.23,-99.22,39.40,-99.03,"","",273
10034349,TREGO CO., ,04/25/1990,1714,Tornado,0,F3,0,0,2500000,0,KS,CST, , ,C,195, ,0,0, , ,10,500,0, ,0, , ,04/25/1990,1714,38.68,-99.70,38.78,-99.55,"","",274
10137909,COMANCHE CO., ,04/25/1990,1725,Tornado,0,F2,0,0,25000000,0,TX,CST, , ,C,93, ,0,0, , ,1.2,50,0, ,0, , ,04/25/1990,1725,32.08,-98.47,32.10,-98.45,"","",275
10137910,ERATH CO., ,04/25/1990,1727,Tornado,0,F2,0,0,25000000,0,TX,CST, , ,C,143, ,0,0, , ,2.8,50,0, ,0, , ,04/25/1990,1727,32.10,-98.45,32.13,-98.42,"","",276
10034350,OSBORNE CO., ,04/25/1990,1730,Tornado,0,F1,0,0,2500000,0,KS,CST, , ,C,141, ,0,0, , ,15,100,0, ,0, , ,04/25/1990,1730,39.40,-99.03,39.58,-98.93,"","",277
10034351,ELLIS CO., ,04/25/1990,1735,Tornado,0,F3,0,0,2500000,0,KS,CST, , ,C,51, ,0,0, , ,23,500,0, ,0, , ,04/25/1990,1735,38.78,-99.55,39.12,-99.32,"","",278
10034352,SMITH CO., ,04/25/1990,1800,Tornado,0,F1,0,0,2500000,0,KS,CST, , ,C,183, ,0,0, , ,22,100,0, ,0, , ,04/25/1990,1800,39.58,-98.93,39.88,-98.78,"","",279
10138128,COMANCHE CO., ,04/25/1990,1855,Tornado,0,F1,0,0,0,0,TX,CST, , ,C,93, ,0,0, , ,1,50,0, ,0, , ,04/25/1990,1855,31.98,-98.38,32.00,-98.37,"","",280
10138129,ERATH CO., ,04/25/1990,1857,Tornado,0,F1,0,0,0,0,TX,CST, , ,C,143, ,0,0, , ,1,50,0, ,0, , ,04/25/1990,1857,32.00,-98.37,32.02,-98.37,"","",281
10082236,RED WILLOW CO., ,04/25/1990,1900,Tornado,0,F0,0,0,30,0,NE,CST, , ,C,145, ,0,0, , ,.2,20,0, ,0, , ,04/25/1990,1900,40.00,-100.88, , ,"","",282
10138139,ERATH CO., ,04/25/1990,2114,Tornado,0,F1,0,0,0,0,TX,CST, , ,C,143, ,0,0, , ,3,50,0, ,0, , ,04/25/1990,2114,32.50,-98.17,32.55,-98.15,"","",283
10138140,PALO PINTO CO., ,04/25/1990,2122,Tornado,0,F1,0,0,0,0,TX,CST, , ,C,363, ,0,0, , ,1,50,0, ,0, , ,04/25/1990,2122,32.55,-98.15,32.57,-98.13,"","",284
10138143,PARKER CO., ,04/25/1990,2155,Tornado,0,F1,0,0,0,0,TX,CST, , ,C,367, ,0,0, , ,.2,10,0, ,0, , ,04/25/1990,2155,32.67,-97.90, , ,"","",285
9984897,PROWERS CO., ,04/26/1990,1848,Tornado,0,F0,0,0,0,0,CO,MST, , ,C,99, ,0,0, , ,.2,30,0, ,0, , ,04/26/1990,1848,38.08,-102.62, , ,"","",286
10063445,SIMPSON CO., ,04/27/1990,1300,Tornado,0,F2,0,0,250000,0,MS,CST, , ,C,127, ,0,0, , ,5,100,0, ,0, , ,04/27/1990,1300,31.87,-89.70,31.97,-89.78,"","",287
10063448,RANKIN CO., ,04/27/1990,1415,Tornado,0,F0,0,0,0,0,MS,CST, , ,C,121, ,0,0, , ,.5,20,0, ,0, , ,04/27/1990,1415,32.38,-90.00, , ,"","",288
10063449,SCOTT CO., ,04/27/1990,1420,Tornado,0,F0,0,0,0,0,MS,CST, , ,C,123, ,0,0, , ,1,20,0, ,0, , ,04/27/1990,1420,32.58,-89.75, , ,"","",289
10138159,HILL CO., ,04/27/1990,1515,Tornado,0,F2,0,0,0,0,TX,CST, , ,C,217, ,0,0, , ,.2,10,0, ,0, , ,04/27/1990,1515,31.92,-96.80, , ,"","",290
10138161,BOSQUE CO., ,04/27/1990,1527,Tornado,0,F2,0,0,0,0,TX,CST, , ,C,35, ,0,0, , ,.2,10,0, ,0, , ,04/27/1990,1527,32.02,-97.50, , ,"","",291
10138164,LIMESTONE CO., ,04/27/1990,1540,Tornado,0,F1,0,0,0,0,TX,CST, , ,C,293, ,0,0, , ,.2,10,0, ,0, , ,04/27/1990,1540,31.77,-96.67, , ,"","",292
10138165,LIMESTONE CO., ,04/27/1990,1540,Tornado,0,F3,0,0,2500000,0,TX,CST, , ,C,293, ,0,0, , ,4,100,0, ,0, , ,04/27/1990,1540,31.60,-96.50,31.63,-96.45,"","",293
10138175,LIMESTONE CO., ,04/27/1990,1645,Tornado,0,F2,0,8,25000000,0,TX,CST, , ,C,293, ,0,0, , ,16,880,0, ,0, , ,04/27/1990,1645,31.67,-96.70, , ,"","",294
10138181,LIMESTONE CO., ,04/27/1990,1705,Tornado,0,F1,0,0,0,0,TX,CST, , ,C,293, ,0,0, , ,.2,10,0, ,0, , ,04/27/1990,1705,31.53,-96.42, , ,"","",295
10138182,LEON CO., ,04/27/1990,1705,Tornado,0,F1,0,0,0,0,TX,CST, , ,C,289, ,0,0, , ,.2,10,0, ,0, , ,04/27/1990,1705,31.23,-96.27, , ,"","",296
10139035,ANDERSON CO., ,04/27/1990,1730,Tornado,0,F1,0,0,0,0,TX,CST, , ,C,1, ,0,0, , ,.2,10,0, ,0, , ,04/27/1990,1730,31.95,-95.97, , ,"","",297
10139043,BRAZOS CO., ,04/27/1990,1758,Tornado,0,F0,0,0,0,0,TX,CST, , ,C,41, ,0,0, , ,.2,10,0, ,0, , ,04/27/1990,1758,30.67,-96.40, , ,"","",298
10139261,HARRISON CO., ,04/27/1990,1817,Tornado,0,F2,0,0,0,0,TX,CST, , ,C,203, ,0,0, , ,1,100,0, ,0, , ,04/27/1990,1817,32.60,-94.03, , ,"","",299
10046758,CADDO PAR., ,04/27/1990,1824,Tornado,0,F1,0,0,2500,0,LA,CST, , ,C,17, ,0,0, , ,.3,30,0, ,0, , ,04/27/1990,1824,32.58,-94.02, , ,"","",300
10046759,CADDO PAR., ,04/27/1990,1826,Tornado,0,F1,0,0,0,0,LA,CST, , ,C,17, ,0,0, , ,.5,30,0, ,0, , ,04/27/1990,1826,32.53,-94.02, , ,"","",301
10139262,HARRISON CO., ,04/27/1990,1827,Tornado,0,F2,0,0,0,0,TX,CST, , ,C,203, ,0,0, , ,.2,10,0, ,0, , ,04/27/1990,1827,32.47,-94.08, , ,"","",302
10139265,ANGELINA CO., ,04/27/1990,1835,Tornado,0,F1,0,0,0,0,TX,CST, , ,C,5, ,0,0, , ,.2,10,0, ,0, , ,04/27/1990,1835,31.15,-94.50, , ,"","",303
10139266,SAN AUGUSTINE CO., ,04/27/1990,1835,Tornado,0,F1,0,0,0,0,TX,CST, , ,C,405, ,0,0, , ,.2,10,0, ,0, , ,04/27/1990,1835,31.25,-94.32, , ,"","",304
10046760,CADDO PAR., ,04/27/1990,1848,Tornado,0,F1,0,0,0,0,LA,CST, , ,C,17, ,0,0, , ,.2,30,0, ,0, , ,04/27/1990,1848,32.50,-93.87, , ,"","",305
10139275,SHELBY CO., ,04/27/1990,1905,Tornado,0,F1,0,0,0,0,TX,CST, , ,C,419, ,0,0, , ,4,50,0, ,0, , ,04/27/1990,1905,31.78,-93.98,31.80,-93.88,"","",306
10046762,SABINE PAR., ,04/27/1990,1915,Tornado,0,F1,0,0,0,0,LA,CST, , ,C,85, ,0,0, , ,.2,30,0, ,0, , ,04/27/1990,1915,31.78,-93.82, , ,"","",307
10046763,DE SOTO PAR., ,04/27/1990,1916,Tornado,0,F1,0,0,2500,0,LA,CST, , ,C,31, ,0,0, , ,.2,30,0, ,0, , ,04/27/1990,1916,32.08,-93.98, , ,"","",308
10046764,BOSSIER PAR., ,04/27/1990,1925,Tornado,0,F1,0,0,0,0,LA,CST, , ,C,15, ,0,0, , ,.1,20,0, ,0, , ,04/27/1990,1925,32.52,-93.72, , ,"","",309
10046766,BOSSIER PAR., ,04/27/1990,1936,Tornado,0,F1,0,0,25000,0,LA,CST, , ,C,15, ,0,0, , ,.3,40,0, ,0, , ,04/27/1990,1936,32.52,-93.72, , ,"","",310
10046767,DE SOTO PAR., ,04/27/1990,1941,Tornado,0,F1,0,0,0,0,LA,CST, , ,C,31, ,0,0, , ,.3,30,0, ,0, , ,04/27/1990,1941,32.05,-93.68, , ,"","",311
10046768,WEBSTER PAR., ,04/27/1990,1950,Tornado,0,F1,0,0,0,0,LA,CST, , ,C,119, ,0,0, , ,1.5,50,0, ,0, , ,04/27/1990,1950,32.43,-93.30, , ,"","",312
10046770,BIENVILLE PAR., ,04/27/1990,1957,Tornado,0,F1,0,0,2500,0,LA,CST, , ,C,13, ,0,0, , ,.5,30,0, ,0, , ,04/27/1990,1957,32.37,-93.37, , ,"","",313
10046771,BEAUREGARD PAR., ,04/27/1990,2000,Tornado,0,F1,0,0,25000,0,LA,CST, , ,C,11, ,0,0, , ,3,73,0, ,0, , ,04/27/1990,2000,30.75,-93.53,30.78,-93.50,"","",314
10046773,BEAUREGARD PAR., ,04/27/1990,2015,Tornado,0,F1,0,0,2500,0,LA,CST, , ,C,11, ,0,0, , ,.8,30,0, ,0, , ,04/27/1990,2015,30.82,-93.28, , ,"","",315
10120845,CHESTER CO., ,04/28/1990,1300,Tornado,0,F1,0,0,250000,0,TN,CST, , ,C,23, ,0,0, , ,2,50,0, ,0, , ,04/28/1990,1300,35.35,-88.82, , ,"","",316
10076625,GREENE CO., ,04/28/1990,1330,Tornado,0,F0,0,1,25000,0,NY,EST, , ,C,39, ,0,0, , ,.2,10,0, ,0, , ,04/28/1990,1330,42.20,-73.97, , ,"","",317
10017879,SULLIVAN CO., ,04/28/1990,1450,Tornado,0,F0,0,0,25000,0,IN,EST, , ,C,153, ,0,0, , ,.2,30,0, ,0, , ,04/28/1990,1450,39.05,-87.58, , ,"","",318
10110876,SPARTANBURG CO., ,04/28/1990,1610,Tornado,0,F0,0,0,250000,0,SC,EST, , ,C,83, ,0,0, , ,2,30,0, ,0, , ,04/28/1990,1610,34.95,-81.92, , ,"","",319
10110878,SPARTANBURG CO., ,04/28/1990,1620,Tornado,0,F1,0,4,250000,0,SC,EST, , ,C,83, ,0,0, , ,6,50,0, ,0, , ,04/28/1990,1620,35.03,-82.08,35.13,-81.98,"","",320
10110880,CHEROKEE CO., ,04/28/1990,1655,Tornado,0,F1,0,0,25000,0,SC,EST, , ,C,21, ,0,0, , ,5,40,0, ,0, , ,04/28/1990,1655,35.07,-81.55,35.12,-81.50,"","",321
10146356,WASHINGTON CO., ,04/30/1990,1625,Tornado,0,F0,0,0,25000,0,VA,EDT, , ,C,191, ,0,0, , ,.3,20,0, ,0, , ,04/30/1990,1625,36.72,-81.97, , ,"","",322
10139302,BOSQUE CO., ,05/02/1990,2230,Tornado,0,F2,0,0,0,0,TX,CST, , ,C,35, ,0,0, , ,.2,10,0, ,0, , ,05/02/1990,2230,31.97,-97.57, , ,"","",323
10139312,LAMAR CO., ,05/03/1990,55,Tornado,0,F2,0,13,0,0,TX,CST, , ,C,277, ,0,0, , ,2,100,0, ,0, , ,05/03/1990,55,33.65,-95.53, , ,"","",324
10139314,NACOGDOCHES CO., ,05/03/1990,1432,Tornado,0,F1,0,0,0,0,TX,CST, , ,C,347, ,0,0, , ,.2,10,0, ,0, , ,05/03/1990,1432,31.62,-94.65, , ,"","",325
10097277,BUTLER CO., ,05/04/1990,1330,Tornado,0,F1,0,0,250000,0,OH,EST, , ,C,17, ,0,0, , ,1.2,50,0, ,0, , ,05/04/1990,1330,39.45,-84.58, , ,"","",326
10111113,LAURENS CO., ,05/04/1990,1545,Tornado,0,F0,0,0,2500,0,SC,EST, , ,C,59, ,0,0, , ,.1,20,0, ,0, , ,05/04/1990,1545,34.45,-82.03, , ,"","",327
10146357,AUGUSTA CO., ,05/04/1990,1722,Tornado,0,F2,2,10,2500000,0,VA,EDT, , ,C,15, ,0,0, , ,7,27,0, ,0, , ,05/04/1990,1722,38.10,-79.33, , ,"","",328
10017885,FRANKLIN CO., ,05/04/1990,1740,Tornado,0,F0,0,0,25000,0,IN,EST, , ,C,47, ,0,0, , ,.1,20,0, ,0, , ,05/04/1990,1740,39.50,-85.07, , ,"","",329
10097279,BUTLER CO., ,05/04/1990,1850,Tornado,0,F2,1,5,250000,0,OH,EST, , ,C,17, ,0,0, , ,.2,150,0, ,0, , ,05/04/1990,1850,39.50,-84.38, , ,"","",330
10146360,AMELIA CO., ,05/04/1990,1945,Tornado,0,F3,0,0,2500000,0,VA,EDT, , ,C,7, ,0,0, , ,8,500,0, ,0, , ,05/04/1990,1945,37.32,-77.82,37.23,-77.42,"","",331
10034355,OSAGE CO., ,05/05/1990,1330,Tornado,0,F0,0,0,0,0,KS,CST, , ,C,139, ,0,0, , ,3,20,0, ,0, , ,05/05/1990,1330,38.83,-95.63,38.87,-95.57,"","",332
10089549,BRUNSWICK CO., ,05/05/1990,1345,Tornado,0,F1,0,0,2500,0,NC,EST, , ,C,19, ,0,0, , ,1,300,0, ,0, , ,05/05/1990,1345,34.00,-78.35, , ,"","",333
10069835,RIPLEY CO., ,05/09/1990,1755,Tornado,0,F0,0,0,0,0,MO,CST, , ,C,181, ,0,0, , ,.2,50,0, ,0, , ,05/09/1990,1755,36.58,-90.73, , ,"","",334
10004929,MACOUPIN CO., ,05/09/1990,1930,Tornado,0,F2,0,0,250000,0,IL,CST, , ,C,117, ,0,0, , ,.2,50,0, ,0, , ,05/09/1990,1930,39.50,-89.77, , ,"","",335
10004930,HAMILTON CO., ,05/09/1990,1930,Tornado,0,F2,0,0,25000,0,IL,CST, , ,C,65, ,0,0, , ,.5,50,0, ,0, , ,05/09/1990,1930,38.10,-88.62, , ,"","",336
10004936,CHAMPAIGN CO., ,05/09/1990,1940,Tornado,0,F1,0,0,25000,0,IL,CST, , ,C,19, ,0,0, , ,.5,50,0, ,0, , ,05/09/1990,1940,40.10,-88.20, , ,"","",337
9997916,LEE CO., ,05/10/1990,932,Tornado,0,F0,0,0,25000,0,FL,EST, , ,C,71, ,0,0, , ,.2,10,0, ,0, , ,05/10/1990,932,26.63,-81.85, , ,"","",338
9997917,LEE CO., ,05/10/1990,935,Tornado,0,F0,0,0,0,0,FL,EST, , ,C,71, ,0,0, , ,.2,10,0, ,0, , ,05/10/1990,935,26.60,-81.97, , ,"","",339
9997918,LEE CO., ,05/10/1990,1000,Tornado,0,F0,0,0,30,0,FL,CST, , ,C,71, ,0,0, , ,.2,10,0, ,0, , ,05/10/1990,1000,26.60,-81.97, , ,"","",340
9997919,MIAMI-DADE CO., ,05/10/1990,1315,Tornado,0,F0,0,0,0,0,FL,CST, , ,C,86, ,0,0, , ,.2,10,0, ,0, , ,05/10/1990,1315,25.77,-80.38, , ,"","",341
10146367,LANCASTER CO., ,05/10/1990,1618,Tornado,0,F1,0,0,2500000,0,VA,EDT, , ,C,103, ,0,0, , ,4.1,200,0, ,0, , ,05/10/1990,1618,37.65,-76.45,37.65,-76.35,"","",342
10081667,CUMBERLAND CO., ,05/10/1990,1700,Tornado,0,F0,0,0,250000,0,NJ,CST, , ,C,11, ,0,0, , ,.2,100,0, ,0, , ,05/10/1990,1700,39.43,-75.13, , ,"","",343
10039170,WICOMICO CO., ,05/10/1990,1700,Tornado,0,F1,0,0,25000,0,MD,CST, , ,C,45, ,0,0, , ,.1,23,0, ,0, , ,05/10/1990,1700,38.33,-75.62, , ,"","",344
10081668,CUMBERLAND CO., ,05/10/1990,1710,Tornado,0,F2,0,0,250000,0,NJ,CST, , ,C,11, ,0,0, , ,.5,200,0, ,0, , ,05/10/1990,1710,39.48,-75.03, , ,"","",345
10039171,WICOMICO CO., ,05/10/1990,1715,Tornado,0,F0,0,0,25000,0,MD,CST, , ,C,45, ,0,0, , ,.1,100,0, ,0, , ,05/10/1990,1715,38.37,-75.55, , ,"","",346
10039172,WICOMICO CO., ,05/10/1990,1719,Tornado,0,F1,0,2,25000,0,MD,CST, , ,C,45, ,0,0, , ,.1,23,0, ,0, , ,05/10/1990,1719,38.38,-75.35, , ,"","",347
10035446,SCOTT CO., ,05/11/1990,1702,Tornado,0,F0,0,0,0,0,KS,CST, , ,C,171, ,0,0, , ,.1,10,0, ,0, , ,05/11/1990,1702,38.48,-101.07, , ,"","",348
10035448,SCOTT CO., ,05/11/1990,1800,Tornado,0,F0,0,0,0,0,KS,CST, , ,C,171, ,0,0, , ,2,10,0, ,0, , ,05/11/1990,1800,38.48,-101.07, , ,"","",349
10035450,FINNEY CO., ,05/11/1990,1945,Tornado,0,F0,0,0,0,0,KS,CST, , ,C,55, ,0,0, , ,.2,50,0, ,0, , ,05/11/1990,1945,37.93,-100.72, , ,"","",350
10140407,PANOLA CO., ,05/12/1990,130,Tornado,0,F1,0,0,0,0,TX,CST, , ,C,365, ,0,0, , ,1.5,150,0, ,0, , ,05/12/1990,130,32.03,-94.27, , ,"","",351
10043435,DE SOTO PAR., ,05/12/1990,201,Tornado,0,F1,0,0,2500,0,LA,CST, , ,C,31, ,0,0, , ,4,123,0, ,0, , ,05/12/1990,201,32.10,-93.95,32.15,-93.90,"","",352
10140420,NACOGDOCHES CO., ,05/12/1990,645,Tornado,0,F1,0,0,0,0,TX,CST, , ,C,347, ,0,0, , ,.2,10,0, ,0, , ,05/12/1990,645,31.38,-94.42, , ,"","",353
10140423,SAN AUGUSTINE CO., ,05/12/1990,730,Tornado,0,F1,0,0,0,0,TX,CST, , ,C,405, ,0,0, , ,.2,10,0, ,0, , ,05/12/1990,730,31.40,-94.25, , ,"","",354
10043442,SABINE PAR., ,05/12/1990,830,Tornado,0,F1,0,0,2500,0,LA,CST, , ,C,85, ,0,0, , ,2,123,0, ,0, , ,05/12/1990,830,31.45,-93.47, , ,"","",355
10043443,NATCHITOCHES PAR., ,05/12/1990,900,Tornado,0,F1,0,0,0,0,LA,CST, , ,C,69, ,0,0, , ,.3,30,0, ,0, , ,05/12/1990,900,31.42,-93.20, , ,"","",356
10069839,DOUGLAS CO., ,05/12/1990,1520,Tornado,0,F2,0,0,2500000,0,MO,CST, , ,C,67, ,0,0, , ,10,100,0, ,0, , ,05/12/1990,1520,37.07,-92.65,37.07,-92.43,"","",357
10070696,WRIGHT CO., ,05/12/1990,1540,Tornado,0,F2,0,0,2500000,0,MO,CST, , ,C,229, ,0,0, , ,8,100,0, ,0, , ,05/12/1990,1540,37.07,-92.43,37.08,-92.33,"","",358
10160641,GOSHEN CO., ,05/12/1990,1553,Tornado,0,F0,0,0,0,0,WY,MST, , ,C,15, ,0,0, , ,.1,40,0, ,0, , ,05/12/1990,1553,42.18,-104.57, , ,"","",359
10004950,MADISON CO., ,05/12/1990,1645,Tornado,0,F1,0,0,250000,0,IL,CST, , ,C,119, ,0,0, , ,1,100,0, ,0, , ,05/12/1990,1645,38.97,-89.65,38.97,-89.62,"","",360
10004951,BOND CO., ,05/12/1990,1649,Tornado,0,F1,0,0,250000,0,IL,CST, , ,C,5, ,0,0, , ,5,100,0, ,0, , ,05/12/1990,1649,38.97,-89.62,38.97,-89.55,"","",361
10004953,MONTGOMERY CO., ,05/12/1990,1705,Tornado,0,F2,0,0,250000,0,IL,CST, , ,C,135, ,0,0, , ,.2,100,0, ,0, , ,05/12/1990,1705,39.07,-89.62, , ,"","",362
10063470,WILKINSON CO., ,05/12/1990,1730,Tornado,0,F2,0,4,250000,0,MS,CST, , ,C,157, ,0,0, , ,19,100,0, ,0, , ,05/12/1990,1730,31.27,-91.40,31.30,-91.08,"","",363
10082241,MORRILL CO., ,05/13/1990,1318,Tornado,0,F0,0,0,30,0,NE,CST, , ,C,123, ,0,0, , ,.1,10,0, ,0, , ,05/13/1990,1318,41.53,-103.28, , ,"","",364
10089554,NORTHAMPTON CO., ,05/13/1990,1322,Tornado,0,F0,0,0,25000,0,NC,EST, , ,C,131, ,0,0, , ,.2,30,0, ,0, , ,05/13/1990,1322,36.37,-77.17, , ,"","",365
10082242,MORRILL CO., ,05/13/1990,1323,Tornado,0,F0,0,0,30,0,NE,CST, , ,C,123, ,0,0, , ,.1,10,0, ,0, , ,05/13/1990,1323,41.53,-103.28, , ,"","",366
10082243,MORRILL CO., ,05/13/1990,1323,Tornado,0,F0,0,0,30,0,NE,CST, , ,C,123, ,0,0, , ,.1,10,0, ,0, , ,05/13/1990,1323,41.67,-102.98, , ,"","",367
10039173,FREDERICK CO., ,05/13/1990,1330,Tornado,0,F1,0,0,250000,0,MD,EDT, , ,C,21, ,0,0, , ,.5,33,0, ,0, , ,05/13/1990,1330,39.47,-77.57, , ,"","",368
10082244,GARDEN CO., ,05/13/1990,1420,Tornado,0,F0,0,0,30,0,NE,CST, , ,C,69, ,0,0, , ,.1,10,0, ,0, , ,05/13/1990,1420,41.58,-102.33, , ,"","",369
10078564,CHEYENNE CO., ,05/13/1990,1500,Tornado,0,F0,0,0,2500,0,NE,CST, , ,C,33, ,0,0, , ,.1,10,0, ,0, , ,05/13/1990,1500,41.35,-102.98, , ,"","",370
10160642,CONVERSE CO., ,05/13/1990,1520,Tornado,0,F0,0,0,0,0,WY,MST, , ,C,9, ,0,0, , ,.5,50,0, ,0, , ,05/13/1990,1520,43.23,-105.33, , ,"","",371
10078565,GARDEN CO., ,05/13/1990,1555,Tornado,0,F0,0,0,30,0,NE,CST, , ,C,69, ,0,0, , ,.1,10,0, ,0, , ,05/13/1990,1555,41.22,-102.30, , ,"","",372
9984903,SEDGWICK CO., ,05/13/1990,1612,Tornado,0,F0,0,0,2500,0,CO,MST, , ,C,115, ,0,0, , ,.2,20,0, ,0, , ,05/13/1990,1612,40.98,-102.52, , ,"","",373
10160643,NIOBRARA CO., ,05/13/1990,1625,Tornado,0,F0,0,0,0,0,WY,MST, , ,C,27, ,0,0, , ,.5,50,0, ,0, , ,05/13/1990,1625,42.93,-104.38, , ,"","",374
10039178,KENT CO., ,05/13/1990,1630,Tornado,0,F0,0,0,250000,0,MD,EDT, , ,C,29, ,0,0, , ,.1,13,0, ,0, , ,05/13/1990,1630,39.30,-76.00, , ,"","",375
10078848,SIOUX CO., ,05/13/1990,1650,Tornado,0,F0,0,0,30,0,NE,CST, , ,C,165, ,0,0, , ,0,10,0, ,0, , ,05/13/1990,1650,42.98,-103.87, , ,"","",376
10118491,YORK CO., ,05/13/1990,1710,Tornado,0,F1,0,0,2500000,0,PA,EST, , ,C,133, ,0,0, , ,2,40,0, ,0, , ,05/13/1990,1710,40.17,-76.85, , ,"","",377
10118493,LANCASTER CO., ,05/13/1990,1745,Tornado,0,F0,0,0,25000,0,PA,EST, , ,C,71, ,0,0, , ,4,73,0, ,0, , ,05/13/1990,1745,40.15,-76.63,40.12,-76.55,"","",378
10035462,CHEYENNE CO., ,05/13/1990,1827,Tornado,0,F0,0,0,0,0,KS,CST, , ,C,23, ,0,0, , ,13,10,0, ,0, , ,05/13/1990,1827,39.90,-101.72,39.85,-101.48,"","",379
10140457,KING CO., ,05/14/1990,1630,Tornado,0,F1,0,0,0,0,TX,CST, , ,C,269, ,0,0, , ,2,150,0, ,0, , ,05/14/1990,1630,33.68,-100.40, , ,"","",380
10140460,JONES CO., ,05/14/1990,1645,Tornado,0,F2,0,2,250000,0,TX,CST, , ,C,253, ,0,0, , ,2,100,0, ,0, , ,05/14/1990,1645,32.93,-100.02, , ,"","",381
10140467,JONES CO., ,05/14/1990,1708,Tornado,0,F2,0,2,0,0,TX,CST, , ,C,253, ,0,0, , ,.2,10,0, ,0, , ,05/14/1990,1708,32.88,-100.00, , ,"","",382
10140469,JONES CO., ,05/14/1990,1720,Tornado,0,F1,0,0,0,0,TX,CST, , ,C,253, ,0,0, , ,.2,10,0, ,0, , ,05/14/1990,1720,32.85,-99.90, , ,"","",383
10140470,JONES CO., ,05/14/1990,1730,Tornado,0,F2,0,3,0,0,TX,CST, , ,C,253, ,0,0, , ,.2,10,0, ,0, , ,05/14/1990,1730,32.83,-100.00, , ,"","",384
10140474,JONES CO., ,05/14/1990,1748,Tornado,0,F3,0,2,0,0,TX,CST, , ,C,253, ,0,0, , ,.2,10,0, ,0, , ,05/14/1990,1748,32.88,-99.88, , ,"","",385
10140475,KNOX CO., ,05/14/1990,1810,Tornado,0,F1,0,0,0,0,TX,CST, , ,C,275, ,0,0, , ,7,50,0, ,0, , ,05/14/1990,1810,33.42,-99.97,33.42,-99.82,"","",386
10140477,JONES CO., ,05/14/1990,1847,Tornado,0,F1,0,0,0,0,TX,CST, , ,C,253, ,0,0, , ,.2,10,0, ,0, , ,05/14/1990,1847,32.77,-99.68, , ,"","",387
10140483,JONES CO., ,05/14/1990,1930,Tornado,0,F1,0,0,0,0,TX,CST, , ,C,253, ,0,0, , ,.2,10,0, ,0, , ,05/14/1990,1930,32.60,-99.77, , ,"","",388
10035472,SUMNER CO., ,05/14/1990,2020,Tornado,0,F0,0,0,0,0,KS,CST, , ,C,191, ,0,0, , ,1,27,0, ,0, , ,05/14/1990,2020,37.28,-97.27, , ,"","",389
10035473,SUMNER CO., ,05/14/1990,2021,Tornado,0,F0,0,0,0,0,KS,CST, , ,C,191, ,0,0, , ,1,27,0, ,0, , ,05/14/1990,2021,37.25,-97.17, , ,"","",390
10035474,SUMNER CO., ,05/14/1990,2033,Tornado,0,F0,0,0,0,0,KS,CST, , ,C,191, ,0,0, , ,.5,27,0, ,0, , ,05/14/1990,2033,37.27,-97.20, , ,"","",391
10035475,CHAUTAUQUA CO., ,05/14/1990,2048,Tornado,0,F0,0,0,0,0,KS,CST, , ,C,19, ,0,0, , ,.5,27,0, ,0, , ,05/14/1990,2048,37.00,-96.18, , ,"","",392
10035476,CHAUTAUQUA CO., ,05/14/1990,2110,Tornado,0,F0,0,0,2500,0,KS,CST, , ,C,19, ,0,0, , ,1,27,0, ,0, , ,05/14/1990,2110,37.00,-96.02, , ,"","",393
10035477,MONTGOMERY CO., ,05/14/1990,2115,Tornado,0,F0,0,0,0,0,KS,CST, , ,C,125, ,0,0, , ,.1,20,0, ,0, , ,05/14/1990,2115,37.03,-95.95, , ,"","",394
10035478,CHAUTAUQUA CO., ,05/14/1990,2130,Tornado,0,F0,0,0,0,0,KS,CST, , ,C,19, ,0,0, , ,5,27,0, ,0, , ,05/14/1990,2130,37.08,-96.02,37.13,-95.93,"","",395
10035481,MONTGOMERY CO., ,05/14/1990,2145,Tornado,0,F1,0,0,2500,0,KS,CST, , ,C,125, ,0,0, , ,7,50,0, ,0, , ,05/14/1990,2145,37.03,-95.73,37.08,-95.62,"","",396
10070914,CALLAWAY CO., ,05/15/1990,1239,Tornado,0,F0,0,0,0,0,MO,CST, , ,C,27, ,0,0, , ,.2,50,0, ,0, , ,05/15/1990,1239,38.95,-92.08, , ,"","",397
9997923,COLLIER CO., ,05/15/1990,1530,Tornado,0,F0,0,0,0,0,FL,CST, , ,C,21, ,0,0, , ,.2,10,0, ,0, , ,05/15/1990,1530,26.43,-81.47, , ,"","",398
10102121,BLAINE CO., ,05/15/1990,1650,Tornado,0,F1,0,0,0,0,OK,CST, , ,C,11, ,0,0, , ,.1,20,0, ,0, , ,05/15/1990,1650,35.88,-98.22, , ,"","",399
10102124,CANADIAN CO., ,05/15/1990,1705,Tornado,0,F1,0,0,0,0,OK,CST, , ,C,17, ,0,0, , ,5,50,0, ,0, , ,05/15/1990,1705,35.48,-98.27,35.53,-98.18,"","",400
9984906,LOGAN CO., ,05/15/1990,1720,Tornado,0,F0,0,0,0,0,CO,MST, , ,C,75, ,0,0, , ,.2,23,0, ,0, , ,05/15/1990,1720,40.50,-102.83, , ,"","",401
9984907,YUMA CO., ,05/15/1990,1740,Tornado,0,F1,0,0,0,0,CO,CST, , ,C,125, ,0,0, , ,.7,50,0, ,0, , ,05/15/1990,1740,40.45,-102.72, , ,"","",402
10102134,PAYNE CO., ,05/15/1990,1841,Tornado,0,F3,1,12,2500000,0,OK,CST, , ,C,119, ,0,0, , ,7,440,0, ,0, , ,05/15/1990,1841,36.12,-97.15,36.17,-97.05,"","",403
10036574,CHASE CO., ,05/15/1990,1930,Tornado,0,F0,0,0,0,0,KS,CST, , ,C,17, ,0,0, , ,1,10,0, ,0, , ,05/15/1990,1930,38.18,-96.72, , ,"","",404
10036360,CHASE CO., ,05/15/1990,1930,Tornado,0,F0,0,0,0,0,KS,CST, , ,C,17, ,0,0, , ,1,10,0, ,0, , ,05/15/1990,1930,38.27,-96.82, , ,"","",405
10036575,CHASE CO., ,05/15/1990,1930,Tornado,0,F0,0,0,25000,0,KS,CST, , ,C,17, ,0,0, , ,5,27,0, ,0, , ,05/15/1990,1930,38.48,-96.68,38.55,-96.60,"","",406
10004966,DOUGLAS CO., ,05/15/1990,1943,Tornado,0,F0,0,0,0,0,IL,CST, , ,C,41, ,0,0, , ,.1,30,0, ,0, , ,05/15/1990,1943,39.80,-88.35, , ,"","",407
10036576,HARVEY CO., ,05/15/1990,2000,Tornado,0,F0,0,0,0,0,KS,CST, , ,C,79, ,0,0, , ,2,27,0, ,0, , ,05/15/1990,2000,38.02,-97.67, , ,"","",408
10036577,HARVEY CO., ,05/15/1990,2035,Tornado,0,F1,0,0,2500,0,KS,CST, , ,C,79, ,0,0, , ,20,50,0, ,0, , ,05/15/1990,2035,38.00,-97.28,38.03,-96.80,"","",409
10102145,CREEK CO., ,05/15/1990,2045,Tornado,0,F1,0,0,250000,0,OK,CST, , ,C,37, ,0,0, , ,1,73,0, ,0, , ,05/15/1990,2045,35.95,-96.25, , ,"","",410
10102150,TULSA CO., ,05/15/1990,2110,Tornado,0,F0,0,0,0,0,OK,CST, , ,C,143, ,0,0, , ,.1,20,0, ,0, , ,05/15/1990,2110,35.90,-95.93, , ,"","",411
10102158,ROGERS CO., ,05/15/1990,2230,Tornado,0,F2,0,8,250000,0,OK,CST, , ,C,131, ,0,0, , ,4,73,0, ,0, , ,05/15/1990,2230,36.43,-95.55,36.43,-95.48,"","",412
10102159,MAYES CO., ,05/15/1990,2240,Tornado,0,F2,0,0,250000,0,OK,CST, , ,C,97, ,0,0, , ,8,123,0, ,0, , ,05/15/1990,2240,36.43,-95.42,36.43,-95.25,"","",413
10004971,EFFINGHAM CO., ,05/16/1990,100,Tornado,0,F1,0,0,250000,0,IL,CST, , ,C,49, ,0,0, , ,10,100,0, ,0, , ,05/16/1990,100,39.07,-88.75,39.12,-88.53,"","",414
10004972,MACOUPIN CO., ,05/16/1990,156,Tornado,0,F0,0,0,0,0,IL,CST, , ,C,117, ,0,0, , ,.1,50,0, ,0, , ,05/16/1990,156,39.13,-89.93, , ,"","",415
10070942,BENTON CO., ,05/16/1990,1420,Tornado,0,F0,0,0,25000,0,MO,CST, , ,C,15, ,0,0, , ,.2,50,0, ,0, , ,05/16/1990,1420,38.17,-93.38, , ,"","",416
10097283,SCIOTO CO., ,05/16/1990,1445,Tornado,0,F1,0,0,250000,0,OH,EST, , ,C,145, ,0,0, , ,2.5,100,0, ,0, , ,05/16/1990,1445,38.88,-83.22, , ,"","",417
10070943,CAMDEN CO., ,05/16/1990,1450,Tornado,0,F1,0,0,250000,0,MO,CST, , ,C,29, ,0,0, , ,1,73,0, ,0, , ,05/16/1990,1450,38.20,-92.70, , ,"","",418
10140492,MORRIS CO., ,05/16/1990,1450,Tornado,0,F2,0,0,0,0,TX,CST, , ,C,343, ,0,0, , ,.2,10,0, ,0, , ,05/16/1990,1450,33.13,-94.75, , ,"","",419
10140491,CASS CO., ,05/16/1990,1450,Tornado,0,F1,0,0,0,0,TX,CST, , ,C,67, ,0,0, , ,.2,10,0, ,0, , ,05/16/1990,1450,33.27,-94.42, , ,"","",420
10140493,BOWIE CO., ,05/16/1990,1500,Tornado,0,F2,0,0,0,0,TX,CST, , ,C,37, ,0,0, , ,.2,10,0, ,0, , ,05/16/1990,1500,33.33,-94.35, , ,"","",421
10140495,CASS CO., ,05/16/1990,1510,Tornado,0,F2,0,0,0,0,TX,CST, , ,C,67, ,0,0, , ,.2,10,0, ,0, , ,05/16/1990,1510,33.27,-94.38, , ,"","",422
10140496,BOWIE CO., ,05/16/1990,1525,Tornado,0,F1,0,0,0,0,TX,CST, , ,C,37, ,0,0, , ,.2,10,0, ,0, , ,05/16/1990,1525,33.35,-94.15, , ,"","",423
10140498,BOWIE CO., ,05/16/1990,1535,Tornado,0,F2,0,0,0,0,TX,CST, , ,C,37, ,0,0, , ,.2,10,0, ,0, , ,05/16/1990,1535,33.42,-94.08, , ,"","",424
9990359,COLUMBIA CO., ,05/16/1990,1659,Tornado,0,F2,0,0,0,0,AR,CST, , ,C,27, ,0,0, , ,6.5,77,0, ,0, , ,05/16/1990,1659,33.17,-93.42,33.18,-93.33,"","",425
9990361,COLUMBIA CO., ,05/16/1990,1709,Tornado,0,F2,0,0,0,0,AR,CST, , ,C,27, ,0,0, , ,20,77,0, ,0, , ,05/16/1990,1709,33.18,-93.33,33.05,-93.03,"","",426
9990362,SEBASTIAN CO., ,05/16/1990,1740,Tornado,0,F0,0,0,0,0,AR,CST, , ,C,131, ,0,0, , ,.8,50,0, ,0, , ,05/16/1990,1740,35.07,-94.23, , ,"","",427
9990364,CLAY CO., ,05/16/1990,1840,Tornado,0,F2,1,1,0,0,AR,CST, , ,C,21, ,0,0, , ,15,77,0, ,0, , ,05/16/1990,1840,36.45,-90.58,36.50,-90.38,"","",428
10043461,UNION PAR., ,05/16/1990,1845,Tornado,0,F1,0,0,2500,0,LA,CST, , ,C,111, ,0,0, , ,.2,23,0, ,0, , ,05/16/1990,1845,32.98,-92.60, , ,"","",429
9990367,UNION CO., ,05/16/1990,1849,Tornado,0,F0,0,0,0,0,AR,CST, , ,C,139, ,0,0, , ,3,77,0, ,0, , ,05/16/1990,1849,33.07,-92.68,33.03,-92.68,"","",430
10004981,WHITE CO., ,05/16/1990,1900,Tornado,0,F1,0,0,2500,0,IL,CST, , ,C,193, ,0,0, , ,10,50,0, ,0, , ,05/16/1990,1900,38.17,-88.30,38.07,-88.25,"","",431
10140506,TITUS CO., ,05/16/1990,1930,Tornado,0,F1,0,0,0,0,TX,CST, , ,C,449, ,0,0, , ,.2,10,0, ,0, , ,05/16/1990,1930,33.37,-95.10, , ,"","",432
10140508,TITUS CO., ,05/16/1990,2000,Tornado,0,F1,0,0,0,0,TX,CST, , ,C,449, ,0,0, , ,.2,10,0, ,0, , ,05/16/1990,2000,33.17,-95.12, , ,"","",433
10076640,HERKIMER CO., ,05/17/1990,1412,Tornado,0,F0,0,1,250000,0,NY,EST, , ,C,43, ,0,0, , ,.5,13,0, ,0, , ,05/17/1990,1412,42.83,-74.90, , ,"","",434
9981996,BALDWIN CO., ,05/17/1990,1610,Tornado,0,F0,0,0,0,0,AL,CST, , ,C,3, ,0,0, , ,.5,10,0, ,0, , ,05/17/1990,1610,30.37,-87.82, , ,"","",435
10070959,BUTLER CO., ,05/17/1990,1920,Tornado,0,F2,0,0,250000,0,MO,CST, , ,C,23, ,0,0, , ,3,50,0, ,0, , ,05/17/1990,1920,36.60,-90.27,36.63,-90.22,"","",436
10041359,NORFOLK CO., ,05/18/1990,1210,Tornado,0,F0,0,0,2500,0,MA,EST, , ,C,21, ,0,0, , ,.2,10,0, ,0, , ,05/18/1990,1210,42.08,-71.40, , ,"","",437
10041360,NORFOLK CO., ,05/18/1990,1226,Tornado,0,F0,0,0,2500,0,MA,EST, , ,C,21, ,0,0, , ,.2,10,0, ,0, , ,05/18/1990,1226,42.15,-71.13, , ,"","",438
10136844,MCLENNAN CO., ,05/18/1990,1525,Tornado,0,F2,0,0,0,0,TX,CST, , ,C,309, ,0,0, , ,.2,10,0, ,0, , ,05/18/1990,1525,31.65,-97.13, , ,"","",439
10078849,SIOUX CO., ,05/18/1990,1545,Tornado,0,F0,0,0,30,0,NE,CST, , ,C,165, ,0,0, , ,.1,10,0, ,0, , ,05/18/1990,1545,42.78,-104.00, , ,"","",440
10078850,LINCOLN CO., ,05/18/1990,1630,Tornado,0,F0,0,0,0,0,NE,CST, , ,C,111, ,0,0, , ,.1,23,0, ,0, , ,05/18/1990,1630,41.08,-100.87, , ,"","",441
10078851,MORRILL CO., ,05/18/1990,1646,Tornado,0,F0,0,0,30,0,NE,CST, , ,C,123, ,0,0, , ,.1,10,0, ,0, , ,05/18/1990,1646,41.68,-103.10, , ,"","",442
10160645,GOSHEN CO., ,05/18/1990,1710,Tornado,0,F0,0,0,2500,0,WY,MST, , ,C,15, ,0,0, , ,1,30,0, ,0, , ,05/18/1990,1710,42.18,-104.57, , ,"","",443
10136848,TRAVIS CO., ,05/18/1990,1725,Tornado,0,F0,0,0,0,0,TX,CST, , ,C,453, ,0,0, , ,.2,10,0, ,0, , ,05/18/1990,1725,30.42,-97.68, , ,"","",444
10078852,LINCOLN CO., ,05/18/1990,1728,Tornado,0,F1,0,1,250000,0,NE,CST, , ,C,111, ,0,0, , ,5,50,0, ,0, , ,05/18/1990,1728,41.07,-101.13,41.12,-100.93,"","",445
10036585,RAWLINS CO., ,05/18/1990,1730,Tornado,0,F0,0,0,2500,0,KS,CST, , ,C,153, ,0,0, , ,3,10,0, ,0, , ,05/18/1990,1730,39.83,-100.78,39.88,-100.78,"","",446
10078853,SHERIDAN CO., ,05/18/1990,1742,Tornado,0,F0,0,0,250,0,NE,CST, , ,C,161, ,0,0, , ,.1,10,0, ,0, , ,05/18/1990,1742,42.47,-102.45, , ,"","",447
10078854,LINCOLN CO., ,05/18/1990,1747,Tornado,0,F2,0,0,250000,0,NE,CST, , ,C,111, ,0,0, , ,20,73,0, ,0, , ,05/18/1990,1747,41.03,-100.93,41.33,-101.02,"","",448
10036587,DECATUR CO., ,05/18/1990,1750,Tornado,0,F1,0,0,25000,0,KS,CST, , ,C,39, ,0,0, , ,3,50,0, ,0, , ,05/18/1990,1750,39.97,-100.70, , ,"","",449
10078855,SHERIDAN CO., ,05/18/1990,1800,Tornado,0,F0,0,0,30,0,NE,CST, , ,C,161, ,0,0, , ,.1,10,0, ,0, , ,05/18/1990,1800,42.90,-102.45, , ,"","",450
10078859,RED WILLOW CO., ,05/18/1990,1845,Tornado,0,F1,0,0,250000,0,NE,CST, , ,C,145, ,0,0, , ,1,23,0, ,0, , ,05/18/1990,1845,40.18,-100.38, , ,"","",451
10078860,RED WILLOW CO., ,05/18/1990,1908,Tornado,0,F1,0,0,2500,0,NE,CST, , ,C,145, ,0,0, , ,2,50,0, ,0, , ,05/18/1990,1908,40.12,-100.52, , ,"","",452
10078862,FURNAS CO., ,05/18/1990,1910,Tornado,0,F1,0,0,0,0,NE,CST, , ,C,65, ,0,0, , ,1,100,0, ,0, , ,05/18/1990,1910,40.23,-100.00, , ,"","",453
10078863,KEITH CO., ,05/18/1990,1915,Tornado,0,F1,0,0,250000,0,NE,CST, , ,C,101, ,0,0, , ,1,50,0, ,0, , ,05/18/1990,1915,41.17,-101.32, , ,"","",454
10078864,RED WILLOW CO., ,05/18/1990,2000,Tornado,0,F0,0,0,2500,0,NE,CST, , ,C,145, ,0,0, , ,.1,23,0, ,0, , ,05/18/1990,2000,40.05,-100.40, , ,"","",455
9981997,MOBILE CO., ,05/19/1990,1335,Tornado,0,F0,0,0,0,0,AL,CST, , ,C,97, ,0,0, , ,.5,10,0, ,0, , ,05/19/1990,1335,30.38,-88.22, , ,"","",456
10027368,BLACK HAWK CO., ,05/19/1990,1415,Tornado,0,F1,0,0,250000,0,IA,CST, , ,C,13, ,0,0, , ,.3,40,0, ,0, , ,05/19/1990,1415,42.55,-92.32, , ,"","",457
9990380,PULASKI CO., ,05/19/1990,1522,Tornado,0,F0,0,0,0,0,AR,CST, , ,C,119, ,0,0, , ,.5,50,0, ,0, , ,05/19/1990,1522,34.95,-92.25, , ,"","",458
9990383,PIKE CO., ,05/19/1990,1750,Tornado,0,F0,0,1,0,0,AR,CST, , ,C,109, ,0,0, , ,6,77,0, ,0, , ,05/19/1990,1750,34.18,-93.73,34.25,-93.63,"","",459
9990385,HEMPSTEAD CO., ,05/19/1990,1822,Tornado,0,F0,0,0,0,0,AR,CST, , ,C,57, ,0,0, , ,.5,50,0, ,0, , ,05/19/1990,1822,33.90,-93.77, , ,"","",460
9992092,CONWAY CO., ,05/19/1990,1910,Tornado,0,F0,0,0,0,0,AR,CST, , ,C,29, ,0,0, , ,.8,50,0, ,0, , ,05/19/1990,1910,35.37,-92.57, , ,"","",461
9992108,SEVIER CO., ,05/20/1990,130,Tornado,0,F0,0,0,0,0,AR,CST, , ,C,133, ,0,0, , ,.5,50,0, ,0, , ,05/20/1990,130,34.03,-94.33, , ,"","",462
10064535,PONTOTOC CO., ,05/20/1990,756,Tornado,0,F1,0,2,250000,0,MS,CST, , ,C,115, ,0,0, , ,1,30,0, ,0, , ,05/20/1990,756,34.18,-89.03, , ,"","",463
10137073,MCLENNAN CO., ,05/20/1990,1010,Tornado,0,F1,0,0,0,0,TX,CST, , ,C,309, ,0,0, , ,.2,10,0, ,0, , ,05/20/1990,1010,31.52,-97.20, , ,"","",464
10160646,WESTON CO., ,05/20/1990,1350,Tornado,0,F0,0,0,0,0,WY,CST, , ,C,45, ,0,0, , ,.1,40,0, ,0, , ,05/20/1990,1350,44.10,-105.07, , ,"","",465
10160647,LARAMIE CO., ,05/20/1990,1355,Tornado,0,F0,0,0,250,0,WY,CST, , ,C,21, ,0,0, , ,.1,40,0, ,0, , ,05/20/1990,1355,41.13,-104.88, , ,"","",466
10121929,LAWRENCE CO., ,05/20/1990,1445,Tornado,0,F1,0,0,25000,0,TN,CST, , ,C,99, ,0,0, , ,1.5,40,0, ,0, , ,05/20/1990,1445,35.38,-87.28, , ,"","",467
10036605,LABETTE CO., ,05/20/1990,2000,Tornado,0,F0,0,0,0,0,KS,CST, , ,C,99, ,0,0, , ,.3,27,0, ,0, , ,05/20/1990,2000,37.07,-95.30, , ,"","",468
10070966,GREENE CO., ,05/20/1990,2120,Tornado,0,F2,0,0,0,0,MO,CST, , ,C,77, ,0,0, , ,5,100,0, ,0, , ,05/20/1990,2120,37.12,-93.20,37.12,-93.08,"","",469
10070968,WEBSTER CO., ,05/20/1990,2130,Tornado,0,F2,0,9,0,0,MO,CST, , ,C,225, ,0,0, , ,7,100,0, ,0, , ,05/20/1990,2130,37.12,-93.08,37.13,-92.95,"","",470
10070970,WEBSTER CO., ,05/20/1990,2150,Tornado,0,F0,0,3,250000,0,MO,CST, , ,C,225, ,0,0, , ,.2,50,0, ,0, , ,05/20/1990,2150,37.13,-93.00, , ,"","",471
10070971,CHRISTIAN CO., ,05/20/1990,2206,Tornado,0,F0,0,0,0,0,MO,CST, , ,C,43, ,0,0, , ,.2,50,0, ,0, , ,05/20/1990,2206,36.98,-93.28, , ,"","",472
9996528,WORTH CO., ,05/21/1990,1300,Tornado,0,F1,0,0,250000,0,GA,CST, , ,C,321, ,0,0, , ,3,300,0, ,0, , ,05/21/1990,1300,31.78,-83.98,31.82,-83.95,"","",473
9996533,TERRELL CO., ,05/21/1990,1530,Tornado,0,F1,0,0,250000,0,GA,EST, , ,C,273, ,0,0, , ,1,73,0, ,0, , ,05/21/1990,1530,31.77,-84.45, , ,"","",474
10032843,MERCER CO., ,05/21/1990,1615,Tornado,0,F1,0,0,25000,0,KY,EST, , ,C,167, ,0,0, , ,.5,50,0, ,0, , ,05/21/1990,1615,37.75,-84.77, , ,"","",475
10032844,MADISON CO., ,05/21/1990,1645,Tornado,0,F2,0,1,25000000,0,KY,EST, , ,C,151, ,0,0, , ,.5,50,0, ,0, , ,05/21/1990,1645,37.75,-84.30, , ,"","",476
10032845,POWELL CO., ,05/21/1990,1715,Tornado,0,F0,0,0,25000,0,KY,EST, , ,C,197, ,0,0, , ,.5,23,0, ,0, , ,05/21/1990,1715,37.87,-83.98, , ,"","",477
10137085,CALHOUN CO., ,05/22/1990,1105,Tornado,0,F0,0,0,0,0,TX,CST, , ,C,57, ,0,0, , ,1.5,10,0, ,0, , ,05/22/1990,1105,28.45,-96.45, , ,"","",478
10160648,LARAMIE CO., ,05/23/1990,1555,Tornado,0,F0,0,0,0,0,WY,MST, , ,C,21, ,0,0, , ,.1,40,0, ,0, , ,05/23/1990,1555,41.08,-104.18, , ,"","",479
10160649,PLATTE CO., ,05/24/1990,1410,Tornado,0,F0,0,0,0,0,WY,MST, , ,C,31, ,0,0, , ,.1,40,0, ,0, , ,05/24/1990,1410,42.12,-105.05, , ,"","",480
10160653,LARAMIE CO., ,05/24/1990,1445,Tornado,0,F1,0,0,0,0,WY,MST, , ,C,21, ,0,0, , ,.5,50,0, ,0, , ,05/24/1990,1445,41.42,-104.97, , ,"","",481
10160654,LARAMIE CO., ,05/24/1990,1455,Tornado,0,F1,0,0,0,0,WY,MST, , ,C,21, ,0,0, , ,1,50,0, ,0, , ,05/24/1990,1455,41.63,-104.82, , ,"","",482
10070343,CARBON CO., ,05/24/1990,1500,Tornado,0,F1,0,0,0,0,MT,MDT, , ,C,9, ,0,0, , ,.2,10,0, ,0, , ,05/24/1990,1500,45.10,-108.72, , ,"","",483
10160655,GOSHEN CO., ,05/24/1990,1505,Tornado,0,F1,0,0,0,0,WY,MST, , ,C,15, ,0,0, , ,1,50,0, ,0, , ,05/24/1990,1505,41.77,-104.58, , ,"","",484
10160869,LARAMIE CO., ,05/24/1990,1510,Tornado,0,F1,0,0,0,0,WY,MST, , ,C,21, ,0,0, , ,1,50,0, ,0, , ,05/24/1990,1510,41.47,-104.82, , ,"","",485
10036617,RUSH CO., ,05/24/1990,1600,Tornado,0,F0,0,0,25000,0,KS,CST, , ,C,165, ,0,0, , ,18,10,0, ,0, , ,05/24/1990,1600,38.38,-99.18,38.45,-99.07,"","",486
10070344,YELLOWSTONE CO., ,05/24/1990,1600,Tornado,0,F1,0,0,0,0,MT,MDT, , ,C,111, ,0,0, , ,.2,10,0, ,0, , ,05/24/1990,1600,45.95,-108.40, , ,"","",487
10036618,BARTON CO., ,05/24/1990,1603,Tornado,0,F0,0,0,0,0,KS,CST, , ,C,9, ,0,0, , ,5,10,0, ,0, , ,05/24/1990,1603,38.45,-99.00,38.50,-98.95,"","",488
10036619,BARTON CO., ,05/24/1990,1610,Tornado,0,F3,0,4,250000,0,KS,CST, , ,C,9, ,0,0, , ,4,1320,0, ,0, , ,05/24/1990,1610,38.45,-98.55,38.48,-98.45,"","",489
10127224,MEADE CO., ,05/24/1990,1617,Tornado,0,F0,0,0,0,0,SD,MST, , ,C,93, ,0,0, , ,.5,20,0, ,0, , ,05/24/1990,1617,44.22,-103.02, , ,"","",490
10036620,RICE CO., ,05/24/1990,1626,Tornado,0,F3,0,2,250000,0,KS,CST, , ,C,159, ,0,0, , ,6,1320,0, ,0, , ,05/24/1990,1626,38.48,-98.45,38.53,-98.42,"","",491
10036621,ELLSWORTH CO., ,05/24/1990,1638,Tornado,0,F3,0,0,250000,0,KS,CST, , ,C,53, ,0,0, , ,16,1320,0, ,0, , ,05/24/1990,1638,38.53,-98.42,38.63,-98.12,"","",492
10036622,ELLSWORTH CO., ,05/24/1990,1650,Tornado,0,F3,0,0,2500000,0,KS,CST, , ,C,53, ,0,0, , ,12,400,0, ,0, , ,05/24/1990,1650,38.50,-98.18,38.52,-97.90,"","",493
10160870,LARAMIE CO., ,05/24/1990,1655,Tornado,0,F2,0,0,2500,0,WY,MST, , ,C,21, ,0,0, , ,5,400,0, ,0, , ,05/24/1990,1655,41.43,-104.42,41.48,-104.35,"","",494
10160871,LARAMIE CO., ,05/24/1990,1710,Tornado,0,F1,0,0,2500,0,WY,MST, , ,C,21, ,0,0, , ,1,150,0, ,0, , ,05/24/1990,1710,41.50,-104.35, , ,"","",495
10036623,MCPHERSON CO., ,05/24/1990,1714,Tornado,0,F3,0,0,2500000,0,KS,CST, , ,C,113, ,0,0, , ,30,400,0, ,0, , ,05/24/1990,1714,38.52,-97.90,38.48,-97.37,"","",496
10160873,CAMPBELL CO., ,05/24/1990,1735,Tornado,0,F1,0,0,2500,0,WY,CST, , ,C,5, ,0,0, , ,2,100,0, ,0, , ,05/24/1990,1735,43.72,-105.60, , ,"","",497
10160874,LARAMIE CO., ,05/24/1990,1745,Tornado,0,F1,0,0,0,0,WY,CST, , ,C,21, ,0,0, , ,.5,50,0, ,0, , ,05/24/1990,1745,41.42,-104.17, , ,"","",498
10160875,CAMPBELL CO., ,05/24/1990,1750,Tornado,0,F0,0,0,0,0,WY,CST, , ,C,5, ,0,0, , ,.5,40,0, ,0, , ,05/24/1990,1750,43.83,-105.30, , ,"","",499
10036624,MARION CO., ,05/24/1990,1814,Tornado,0,F3,0,0,2500000,0,KS,CST, , ,C,115, ,0,0, , ,18,400,0, ,0, , ,05/24/1990,1814,38.48,-97.37,38.50,-97.03,"","",500
